"","year","pblim","pblow","pzero","paboveFmsy","Ass","Rule","Rec","INN","OER"
"1",2020,0.579,1,0,0.003,"ASSss3","HCR10","REClow","INNvar","OERnaq"
"2",2021,0.611,0.999,0,0.579,"ASSss3","HCR10","REClow","INNvar","OERnaq"
"3",2022,0.51,0.999,0,0.669,"ASSss3","HCR10","REClow","INNvar","OERnaq"
"4",2023,0.377,0.999,0,0.621,"ASSss3","HCR10","REClow","INNvar","OERnaq"
"5",2024,0.306,0.996,0,0.668,"ASSss3","HCR10","REClow","INNvar","OERnaq"
"6",2025,0.26,0.994,0,0.648,"ASSss3","HCR10","REClow","INNvar","OERnaq"
"7",2026,0.224,0.988,0,0.548,"ASSss3","HCR10","REClow","INNvar","OERnaq"
"8",2027,0.204,0.981,0,0.548,"ASSss3","HCR10","REClow","INNvar","OERnaq"
"9",2028,0.197,0.982,0,0.591,"ASSss3","HCR10","REClow","INNvar","OERnaq"
"10",2029,0.199,0.988,0,0.617,"ASSss3","HCR10","REClow","INNvar","OERnaq"
"11",2030,0.198,0.978,0,0.615,"ASSss3","HCR10","REClow","INNvar","OERnaq"
"12",2031,0.185,0.979,0,0.62,"ASSss3","HCR10","REClow","INNvar","OERnaq"
"13",2032,0.19,0.985,0,0.641,"ASSss3","HCR10","REClow","INNvar","OERnaq"
"14",2033,0.192,0.982,0,0.631,"ASSss3","HCR10","REClow","INNvar","OERnaq"
"15",2034,0.196,0.979,0,0.665,"ASSss3","HCR10","REClow","INNvar","OERnaq"
"16",2035,0.202,0.985,0,0.649,"ASSss3","HCR10","REClow","INNvar","OERnaq"
"17",2036,0.215,0.973,0,0.647,"ASSss3","HCR10","REClow","INNvar","OERnaq"
"18",2037,0.193,0.977,0,0.684,"ASSss3","HCR10","REClow","INNvar","OERnaq"
"19",2038,0.182,0.973,0,0.71,"ASSss3","HCR10","REClow","INNvar","OERnaq"
"20",2039,0.178,0.974,0,0.674,"ASSss3","HCR10","REClow","INNvar","OERnaq"
"21",2040,0.179,0.984,0,0.712,"ASSss3","HCR10","REClow","INNvar","OERnaq"
"22",2041,0.145,0.966,0,0.744,"ASSss3","HCR10","REClow","INNvar","OERnaq"
"23",2042,0.157,0.962,0,0.719,"ASSss3","HCR10","REClow","INNvar","OERnaq"
"24",2043,0.163,0.966,0,0.738,"ASSss3","HCR10","REClow","INNvar","OERnaq"
"25",2044,0.152,0.965,0,0.762,"ASSss3","HCR10","REClow","INNvar","OERnaq"
"26",2045,0.159,0.949,0,0.769,"ASSss3","HCR10","REClow","INNvar","OERnaq"
"27",2046,0.161,0.959,0,0.773,"ASSss3","HCR10","REClow","INNvar","OERnaq"
"28",2047,0.175,0.968,0,0.792,"ASSss3","HCR10","REClow","INNvar","OERnaq"
"29",2048,0.175,0.958,0,0.771,"ASSss3","HCR10","REClow","INNvar","OERnaq"
"30",2049,0.167,0.955,0,0.795,"ASSss3","HCR10","REClow","INNvar","OERnaq"
"31",2050,0.149,0.954,0,0.796,"ASSss3","HCR10","REClow","INNvar","OERnaq"
"32",2051,0.171,0.955,0,0.793,"ASSss3","HCR10","REClow","INNvar","OERnaq"
"33",2052,0.177,0.961,0,0.822,"ASSss3","HCR10","REClow","INNvar","OERnaq"
"34",2053,0.159,0.945,0,0.818,"ASSss3","HCR10","REClow","INNvar","OERnaq"
"35",2054,0.158,0.958,0,0.795,"ASSss3","HCR10","REClow","INNvar","OERnaq"
"36",2055,0.141,0.941,0,0.814,"ASSss3","HCR10","REClow","INNvar","OERnaq"
"37",2056,0.141,0.933,0,0.837,"ASSss3","HCR10","REClow","INNvar","OERnaq"
"38",2057,0.137,0.94,0,0.815,"ASSss3","HCR10","REClow","INNvar","OERnaq"
"39",2058,0.154,0.941,0,0.838,"ASSss3","HCR10","REClow","INNvar","OERnaq"
"40",2059,0.169,0.934,0,0.832,"ASSss3","HCR10","REClow","INNvar","OERnaq"
"41",2060,0.15,0.923,0,0.824,"ASSss3","HCR10","REClow","INNvar","OERnaq"
"42",2061,0.143,0.929,0,0.848,"ASSss3","HCR10","REClow","INNvar","OERnaq"
"43",2062,0.149,0.934,0,0.857,"ASSss3","HCR10","REClow","INNvar","OERnaq"
"44",2063,0.155,0.944,0,0.828,"ASSss3","HCR10","REClow","INNvar","OERnaq"
"45",2064,0.154,0.944,0,0.836,"ASSss3","HCR10","REClow","INNvar","OERnaq"
"46",2065,0.164,0.941,0,0.861,"ASSss3","HCR10","REClow","INNvar","OERnaq"
"47",2066,0.133,0.945,0,0.849,"ASSss3","HCR10","REClow","INNvar","OERnaq"
"48",2067,0.13,0.96,0,0.871,"ASSss3","HCR10","REClow","INNvar","OERnaq"
"49",2068,0.149,0.956,0,0.894,"ASSss3","HCR10","REClow","INNvar","OERnaq"
"50",2069,0.137,0.948,0,0.872,"ASSss3","HCR10","REClow","INNvar","OERnaq"
"51",2070,0.127,0.946,0,0.885,"ASSss3","HCR10","REClow","INNvar","OERnaq"
"52",2020,0.592,1,0,0.003,"ASSss3","HCR10","REClowmed","INNvar","OERnaq"
"53",2021,0.825,0.998,0,0.441,"ASSss3","HCR10","REClowmed","INNvar","OERnaq"
"54",2022,0.883,0.999,0,0.491,"ASSss3","HCR10","REClowmed","INNvar","OERnaq"
"55",2023,0.913,0.999,0,0.515,"ASSss3","HCR10","REClowmed","INNvar","OERnaq"
"56",2024,0.945,1,0,0.562,"ASSss3","HCR10","REClowmed","INNvar","OERnaq"
"57",2025,0.956,0.999,0,0.566,"ASSss3","HCR10","REClowmed","INNvar","OERnaq"
"58",2026,0.951,0.999,0,0.514,"ASSss3","HCR10","REClowmed","INNvar","OERnaq"
"59",2027,0.956,0.999,0,0.511,"ASSss3","HCR10","REClowmed","INNvar","OERnaq"
"60",2028,0.961,1,0,0.489,"ASSss3","HCR10","REClowmed","INNvar","OERnaq"
"61",2029,0.967,1,0,0.522,"ASSss3","HCR10","REClowmed","INNvar","OERnaq"
"62",2030,0.953,1,0,0.503,"ASSss3","HCR10","REClowmed","INNvar","OERnaq"
"63",2031,0.972,0.999,0,0.476,"ASSss3","HCR10","REClowmed","INNvar","OERnaq"
"64",2032,0.976,1,0,0.499,"ASSss3","HCR10","REClowmed","INNvar","OERnaq"
"65",2033,0.974,1,0,0.497,"ASSss3","HCR10","REClowmed","INNvar","OERnaq"
"66",2034,0.976,1,0,0.448,"ASSss3","HCR10","REClowmed","INNvar","OERnaq"
"67",2035,0.981,1,0,0.463,"ASSss3","HCR10","REClowmed","INNvar","OERnaq"
"68",2036,0.98,1,0,0.487,"ASSss3","HCR10","REClowmed","INNvar","OERnaq"
"69",2037,0.974,1,0,0.502,"ASSss3","HCR10","REClowmed","INNvar","OERnaq"
"70",2038,0.967,1,0,0.499,"ASSss3","HCR10","REClowmed","INNvar","OERnaq"
"71",2039,0.974,1,0,0.46,"ASSss3","HCR10","REClowmed","INNvar","OERnaq"
"72",2040,0.977,1,0,0.482,"ASSss3","HCR10","REClowmed","INNvar","OERnaq"
"73",2041,0.965,1,0,0.5,"ASSss3","HCR10","REClowmed","INNvar","OERnaq"
"74",2042,0.971,1,0,0.521,"ASSss3","HCR10","REClowmed","INNvar","OERnaq"
"75",2043,0.978,1,0,0.509,"ASSss3","HCR10","REClowmed","INNvar","OERnaq"
"76",2044,0.974,1,0,0.497,"ASSss3","HCR10","REClowmed","INNvar","OERnaq"
"77",2045,0.969,1,0,0.507,"ASSss3","HCR10","REClowmed","INNvar","OERnaq"
"78",2046,0.969,1,0,0.485,"ASSss3","HCR10","REClowmed","INNvar","OERnaq"
"79",2047,0.969,1,0,0.499,"ASSss3","HCR10","REClowmed","INNvar","OERnaq"
"80",2048,0.962,1,0,0.482,"ASSss3","HCR10","REClowmed","INNvar","OERnaq"
"81",2049,0.968,1,0,0.473,"ASSss3","HCR10","REClowmed","INNvar","OERnaq"
"82",2050,0.974,1,0,0.475,"ASSss3","HCR10","REClowmed","INNvar","OERnaq"
"83",2051,0.967,1,0,0.485,"ASSss3","HCR10","REClowmed","INNvar","OERnaq"
"84",2052,0.977,1,0,0.477,"ASSss3","HCR10","REClowmed","INNvar","OERnaq"
"85",2053,0.971,1,0,0.45,"ASSss3","HCR10","REClowmed","INNvar","OERnaq"
"86",2054,0.977,1,0,0.45,"ASSss3","HCR10","REClowmed","INNvar","OERnaq"
"87",2055,0.976,1,0,0.464,"ASSss3","HCR10","REClowmed","INNvar","OERnaq"
"88",2056,0.974,1,0,0.454,"ASSss3","HCR10","REClowmed","INNvar","OERnaq"
"89",2057,0.975,1,0,0.486,"ASSss3","HCR10","REClowmed","INNvar","OERnaq"
"90",2058,0.978,1,0,0.51,"ASSss3","HCR10","REClowmed","INNvar","OERnaq"
"91",2059,0.973,1,0,0.494,"ASSss3","HCR10","REClowmed","INNvar","OERnaq"
"92",2060,0.965,1,0,0.512,"ASSss3","HCR10","REClowmed","INNvar","OERnaq"
"93",2061,0.959,0.999,0,0.52,"ASSss3","HCR10","REClowmed","INNvar","OERnaq"
"94",2062,0.969,1,0,0.51,"ASSss3","HCR10","REClowmed","INNvar","OERnaq"
"95",2063,0.968,1,0,0.511,"ASSss3","HCR10","REClowmed","INNvar","OERnaq"
"96",2064,0.97,1,0,0.504,"ASSss3","HCR10","REClowmed","INNvar","OERnaq"
"97",2065,0.972,1,0,0.513,"ASSss3","HCR10","REClowmed","INNvar","OERnaq"
"98",2066,0.974,0.997,0,0.494,"ASSss3","HCR10","REClowmed","INNvar","OERnaq"
"99",2067,0.979,1,0,0.494,"ASSss3","HCR10","REClowmed","INNvar","OERnaq"
"100",2068,0.976,1,0,0.524,"ASSss3","HCR10","REClowmed","INNvar","OERnaq"
"101",2069,0.978,1,0,0.549,"ASSss3","HCR10","REClowmed","INNvar","OERnaq"
"102",2070,0.967,1,0,0.54,"ASSss3","HCR10","REClowmed","INNvar","OERnaq"
"103",2020,0.588,1,0,0.003,"ASSss3","HCR10","RECmix","INNvar","OERnaq"
"104",2021,0.681,1,0,0.482,"ASSss3","HCR10","RECmix","INNvar","OERnaq"
"105",2022,0.709,1,0,0.523,"ASSss3","HCR10","RECmix","INNvar","OERnaq"
"106",2023,0.707,1,0,0.521,"ASSss3","HCR10","RECmix","INNvar","OERnaq"
"107",2024,0.721,0.997,0,0.57,"ASSss3","HCR10","RECmix","INNvar","OERnaq"
"108",2025,0.726,0.998,0,0.578,"ASSss3","HCR10","RECmix","INNvar","OERnaq"
"109",2026,0.734,0.993,0,0.531,"ASSss3","HCR10","RECmix","INNvar","OERnaq"
"110",2027,0.739,0.994,0,0.503,"ASSss3","HCR10","RECmix","INNvar","OERnaq"
"111",2028,0.74,0.995,0,0.521,"ASSss3","HCR10","RECmix","INNvar","OERnaq"
"112",2029,0.748,0.998,0,0.55,"ASSss3","HCR10","RECmix","INNvar","OERnaq"
"113",2030,0.753,0.993,0,0.531,"ASSss3","HCR10","RECmix","INNvar","OERnaq"
"114",2031,0.758,0.992,0,0.52,"ASSss3","HCR10","RECmix","INNvar","OERnaq"
"115",2032,0.765,0.996,0,0.545,"ASSss3","HCR10","RECmix","INNvar","OERnaq"
"116",2033,0.771,0.992,0,0.529,"ASSss3","HCR10","RECmix","INNvar","OERnaq"
"117",2034,0.776,0.994,0,0.501,"ASSss3","HCR10","RECmix","INNvar","OERnaq"
"118",2035,0.784,0.994,0,0.528,"ASSss3","HCR10","RECmix","INNvar","OERnaq"
"119",2036,0.782,0.991,0,0.518,"ASSss3","HCR10","RECmix","INNvar","OERnaq"
"120",2037,0.791,0.995,0,0.546,"ASSss3","HCR10","RECmix","INNvar","OERnaq"
"121",2038,0.782,0.993,0,0.548,"ASSss3","HCR10","RECmix","INNvar","OERnaq"
"122",2039,0.797,0.991,0,0.51,"ASSss3","HCR10","RECmix","INNvar","OERnaq"
"123",2040,0.806,0.994,0,0.529,"ASSss3","HCR10","RECmix","INNvar","OERnaq"
"124",2041,0.806,0.991,0,0.522,"ASSss3","HCR10","RECmix","INNvar","OERnaq"
"125",2042,0.801,0.989,0,0.55,"ASSss3","HCR10","RECmix","INNvar","OERnaq"
"126",2043,0.798,0.987,0,0.536,"ASSss3","HCR10","RECmix","INNvar","OERnaq"
"127",2044,0.805,0.99,0,0.537,"ASSss3","HCR10","RECmix","INNvar","OERnaq"
"128",2045,0.809,0.988,0,0.558,"ASSss3","HCR10","RECmix","INNvar","OERnaq"
"129",2046,0.818,0.985,0,0.531,"ASSss3","HCR10","RECmix","INNvar","OERnaq"
"130",2047,0.819,0.988,0,0.545,"ASSss3","HCR10","RECmix","INNvar","OERnaq"
"131",2048,0.814,0.989,0,0.541,"ASSss3","HCR10","RECmix","INNvar","OERnaq"
"132",2049,0.822,0.99,0,0.542,"ASSss3","HCR10","RECmix","INNvar","OERnaq"
"133",2050,0.826,0.99,0,0.538,"ASSss3","HCR10","RECmix","INNvar","OERnaq"
"134",2051,0.833,0.993,0,0.541,"ASSss3","HCR10","RECmix","INNvar","OERnaq"
"135",2052,0.838,0.992,0,0.553,"ASSss3","HCR10","RECmix","INNvar","OERnaq"
"136",2053,0.841,0.994,0,0.536,"ASSss3","HCR10","RECmix","INNvar","OERnaq"
"137",2054,0.843,0.994,0,0.536,"ASSss3","HCR10","RECmix","INNvar","OERnaq"
"138",2055,0.839,0.995,0,0.544,"ASSss3","HCR10","RECmix","INNvar","OERnaq"
"139",2056,0.843,0.991,0,0.536,"ASSss3","HCR10","RECmix","INNvar","OERnaq"
"140",2057,0.852,0.994,0,0.532,"ASSss3","HCR10","RECmix","INNvar","OERnaq"
"141",2058,0.848,0.993,0,0.553,"ASSss3","HCR10","RECmix","INNvar","OERnaq"
"142",2059,0.851,0.995,0,0.55,"ASSss3","HCR10","RECmix","INNvar","OERnaq"
"143",2060,0.842,0.992,0,0.569,"ASSss3","HCR10","RECmix","INNvar","OERnaq"
"144",2061,0.833,0.996,0,0.57,"ASSss3","HCR10","RECmix","INNvar","OERnaq"
"145",2062,0.835,0.993,0,0.563,"ASSss3","HCR10","RECmix","INNvar","OERnaq"
"146",2063,0.824,0.994,0,0.561,"ASSss3","HCR10","RECmix","INNvar","OERnaq"
"147",2064,0.822,0.996,0,0.546,"ASSss3","HCR10","RECmix","INNvar","OERnaq"
"148",2065,0.831,0.993,0,0.541,"ASSss3","HCR10","RECmix","INNvar","OERnaq"
"149",2066,0.828,0.996,0,0.535,"ASSss3","HCR10","RECmix","INNvar","OERnaq"
"150",2067,0.835,0.995,0,0.545,"ASSss3","HCR10","RECmix","INNvar","OERnaq"
"151",2068,0.836,0.996,0,0.57,"ASSss3","HCR10","RECmix","INNvar","OERnaq"
"152",2069,0.831,0.995,0,0.6,"ASSss3","HCR10","RECmix","INNvar","OERnaq"
"153",2070,0.826,0.993,0,0.585,"ASSss3","HCR10","RECmix","INNvar","OERnaq"
"154",2020,0.583,0.997,0,0.005,"ASSss3","HCR13","REClow","INNvar","OERnaq"
"155",2021,0.605,0.999,0,0.439,"ASSss3","HCR13","REClow","INNvar","OERnaq"
"156",2022,0.528,1,0,0.536,"ASSss3","HCR13","REClow","INNvar","OERnaq"
"157",2023,0.408,0.999,0,0.538,"ASSss3","HCR13","REClow","INNvar","OERnaq"
"158",2024,0.342,0.997,0,0.602,"ASSss3","HCR13","REClow","INNvar","OERnaq"
"159",2025,0.286,0.998,0,0.613,"ASSss3","HCR13","REClow","INNvar","OERnaq"
"160",2026,0.252,0.994,0,0.513,"ASSss3","HCR13","REClow","INNvar","OERnaq"
"161",2027,0.256,0.987,0,0.533,"ASSss3","HCR13","REClow","INNvar","OERnaq"
"162",2028,0.233,0.989,0,0.575,"ASSss3","HCR13","REClow","INNvar","OERnaq"
"163",2029,0.225,0.991,0,0.611,"ASSss3","HCR13","REClow","INNvar","OERnaq"
"164",2030,0.229,0.982,0,0.608,"ASSss3","HCR13","REClow","INNvar","OERnaq"
"165",2031,0.21,0.983,0,0.612,"ASSss3","HCR13","REClow","INNvar","OERnaq"
"166",2032,0.204,0.991,0,0.643,"ASSss3","HCR13","REClow","INNvar","OERnaq"
"167",2033,0.209,0.99,0,0.623,"ASSss3","HCR13","REClow","INNvar","OERnaq"
"168",2034,0.218,0.992,0,0.629,"ASSss3","HCR13","REClow","INNvar","OERnaq"
"169",2035,0.244,0.985,0,0.63,"ASSss3","HCR13","REClow","INNvar","OERnaq"
"170",2036,0.238,0.983,0,0.639,"ASSss3","HCR13","REClow","INNvar","OERnaq"
"171",2037,0.241,0.991,0,0.674,"ASSss3","HCR13","REClow","INNvar","OERnaq"
"172",2038,0.219,0.979,0,0.699,"ASSss3","HCR13","REClow","INNvar","OERnaq"
"173",2039,0.208,0.98,0,0.684,"ASSss3","HCR13","REClow","INNvar","OERnaq"
"174",2040,0.211,0.981,0,0.72,"ASSss3","HCR13","REClow","INNvar","OERnaq"
"175",2041,0.201,0.973,0,0.745,"ASSss3","HCR13","REClow","INNvar","OERnaq"
"176",2042,0.191,0.974,0,0.717,"ASSss3","HCR13","REClow","INNvar","OERnaq"
"177",2043,0.186,0.981,0,0.733,"ASSss3","HCR13","REClow","INNvar","OERnaq"
"178",2044,0.187,0.978,0,0.75,"ASSss3","HCR13","REClow","INNvar","OERnaq"
"179",2045,0.181,0.971,0,0.765,"ASSss3","HCR13","REClow","INNvar","OERnaq"
"180",2046,0.215,0.967,0,0.763,"ASSss3","HCR13","REClow","INNvar","OERnaq"
"181",2047,0.218,0.972,0,0.785,"ASSss3","HCR13","REClow","INNvar","OERnaq"
"182",2048,0.228,0.96,0,0.761,"ASSss3","HCR13","REClow","INNvar","OERnaq"
"183",2049,0.204,0.969,0,0.789,"ASSss3","HCR13","REClow","INNvar","OERnaq"
"184",2050,0.192,0.967,0,0.784,"ASSss3","HCR13","REClow","INNvar","OERnaq"
"185",2051,0.209,0.968,0,0.791,"ASSss3","HCR13","REClow","INNvar","OERnaq"
"186",2052,0.206,0.977,0,0.813,"ASSss3","HCR13","REClow","INNvar","OERnaq"
"187",2053,0.215,0.969,0,0.8,"ASSss3","HCR13","REClow","INNvar","OERnaq"
"188",2054,0.197,0.971,0,0.795,"ASSss3","HCR13","REClow","INNvar","OERnaq"
"189",2055,0.2,0.963,0,0.801,"ASSss3","HCR13","REClow","INNvar","OERnaq"
"190",2056,0.191,0.962,0,0.822,"ASSss3","HCR13","REClow","INNvar","OERnaq"
"191",2057,0.188,0.962,0,0.806,"ASSss3","HCR13","REClow","INNvar","OERnaq"
"192",2058,0.217,0.97,0,0.825,"ASSss3","HCR13","REClow","INNvar","OERnaq"
"193",2059,0.222,0.966,0,0.831,"ASSss3","HCR13","REClow","INNvar","OERnaq"
"194",2060,0.211,0.968,0,0.833,"ASSss3","HCR13","REClow","INNvar","OERnaq"
"195",2061,0.196,0.961,0,0.852,"ASSss3","HCR13","REClow","INNvar","OERnaq"
"196",2062,0.19,0.958,0,0.849,"ASSss3","HCR13","REClow","INNvar","OERnaq"
"197",2063,0.203,0.964,0,0.841,"ASSss3","HCR13","REClow","INNvar","OERnaq"
"198",2064,0.213,0.969,0,0.835,"ASSss3","HCR13","REClow","INNvar","OERnaq"
"199",2065,0.215,0.957,0,0.853,"ASSss3","HCR13","REClow","INNvar","OERnaq"
"200",2066,0.175,0.972,0,0.848,"ASSss3","HCR13","REClow","INNvar","OERnaq"
"201",2067,0.18,0.969,0,0.855,"ASSss3","HCR13","REClow","INNvar","OERnaq"
"202",2068,0.18,0.969,0,0.887,"ASSss3","HCR13","REClow","INNvar","OERnaq"
"203",2069,0.198,0.963,0,0.887,"ASSss3","HCR13","REClow","INNvar","OERnaq"
"204",2070,0.166,0.96,0,0.88,"ASSss3","HCR13","REClow","INNvar","OERnaq"
"205",2020,0.599,1,0,0.006,"ASSss3","HCR13","REClowmed","INNvar","OERnaq"
"206",2021,0.824,0.996,0,0.215,"ASSss3","HCR13","REClowmed","INNvar","OERnaq"
"207",2022,0.897,0.999,0,0.153,"ASSss3","HCR13","REClowmed","INNvar","OERnaq"
"208",2023,0.927,0.999,0,0.107,"ASSss3","HCR13","REClowmed","INNvar","OERnaq"
"209",2024,0.948,1,0,0.081,"ASSss3","HCR13","REClowmed","INNvar","OERnaq"
"210",2025,0.967,1,0,0.078,"ASSss3","HCR13","REClowmed","INNvar","OERnaq"
"211",2026,0.964,1,0,0.063,"ASSss3","HCR13","REClowmed","INNvar","OERnaq"
"212",2027,0.967,0.999,0,0.051,"ASSss3","HCR13","REClowmed","INNvar","OERnaq"
"213",2028,0.98,1,0,0.042,"ASSss3","HCR13","REClowmed","INNvar","OERnaq"
"214",2029,0.984,1,0,0.042,"ASSss3","HCR13","REClowmed","INNvar","OERnaq"
"215",2030,0.979,1,0,0.034,"ASSss3","HCR13","REClowmed","INNvar","OERnaq"
"216",2031,0.989,1,0,0.035,"ASSss3","HCR13","REClowmed","INNvar","OERnaq"
"217",2032,0.991,1,0,0.038,"ASSss3","HCR13","REClowmed","INNvar","OERnaq"
"218",2033,0.99,1,0,0.032,"ASSss3","HCR13","REClowmed","INNvar","OERnaq"
"219",2034,0.989,1,0,0.033,"ASSss3","HCR13","REClowmed","INNvar","OERnaq"
"220",2035,0.991,1,0,0.037,"ASSss3","HCR13","REClowmed","INNvar","OERnaq"
"221",2036,0.994,1,0,0.024,"ASSss3","HCR13","REClowmed","INNvar","OERnaq"
"222",2037,0.988,1,0,0.021,"ASSss3","HCR13","REClowmed","INNvar","OERnaq"
"223",2038,0.991,1,0,0.027,"ASSss3","HCR13","REClowmed","INNvar","OERnaq"
"224",2039,0.988,1,0,0.03,"ASSss3","HCR13","REClowmed","INNvar","OERnaq"
"225",2040,0.986,1,0,0.032,"ASSss3","HCR13","REClowmed","INNvar","OERnaq"
"226",2041,0.985,1,0,0.042,"ASSss3","HCR13","REClowmed","INNvar","OERnaq"
"227",2042,0.988,1,0,0.046,"ASSss3","HCR13","REClowmed","INNvar","OERnaq"
"228",2043,0.992,1,0,0.023,"ASSss3","HCR13","REClowmed","INNvar","OERnaq"
"229",2044,0.991,1,0,0.025,"ASSss3","HCR13","REClowmed","INNvar","OERnaq"
"230",2045,0.998,1,0,0.028,"ASSss3","HCR13","REClowmed","INNvar","OERnaq"
"231",2046,0.994,1,0,0.032,"ASSss3","HCR13","REClowmed","INNvar","OERnaq"
"232",2047,0.997,1,0,0.036,"ASSss3","HCR13","REClowmed","INNvar","OERnaq"
"233",2048,0.988,1,0,0.036,"ASSss3","HCR13","REClowmed","INNvar","OERnaq"
"234",2049,0.985,1,0,0.029,"ASSss3","HCR13","REClowmed","INNvar","OERnaq"
"235",2050,0.988,1,0,0.031,"ASSss3","HCR13","REClowmed","INNvar","OERnaq"
"236",2051,0.986,1,0,0.021,"ASSss3","HCR13","REClowmed","INNvar","OERnaq"
"237",2052,0.993,1,0,0.027,"ASSss3","HCR13","REClowmed","INNvar","OERnaq"
"238",2053,0.985,1,0,0.029,"ASSss3","HCR13","REClowmed","INNvar","OERnaq"
"239",2054,0.997,1,0,0.028,"ASSss3","HCR13","REClowmed","INNvar","OERnaq"
"240",2055,0.993,1,0,0.024,"ASSss3","HCR13","REClowmed","INNvar","OERnaq"
"241",2056,0.988,1,0,0.032,"ASSss3","HCR13","REClowmed","INNvar","OERnaq"
"242",2057,0.988,1,0,0.027,"ASSss3","HCR13","REClowmed","INNvar","OERnaq"
"243",2058,0.991,1,0,0.021,"ASSss3","HCR13","REClowmed","INNvar","OERnaq"
"244",2059,0.989,1,0,0.021,"ASSss3","HCR13","REClowmed","INNvar","OERnaq"
"245",2060,0.991,1,0,0.023,"ASSss3","HCR13","REClowmed","INNvar","OERnaq"
"246",2061,0.99,1,0,0.032,"ASSss3","HCR13","REClowmed","INNvar","OERnaq"
"247",2062,0.99,1,0,0.03,"ASSss3","HCR13","REClowmed","INNvar","OERnaq"
"248",2063,0.991,1,0,0.033,"ASSss3","HCR13","REClowmed","INNvar","OERnaq"
"249",2064,0.994,1,0,0.032,"ASSss3","HCR13","REClowmed","INNvar","OERnaq"
"250",2065,0.986,1,0,0.028,"ASSss3","HCR13","REClowmed","INNvar","OERnaq"
"251",2066,0.992,1,0,0.022,"ASSss3","HCR13","REClowmed","INNvar","OERnaq"
"252",2067,0.992,1,0,0.024,"ASSss3","HCR13","REClowmed","INNvar","OERnaq"
"253",2068,0.993,1,0,0.023,"ASSss3","HCR13","REClowmed","INNvar","OERnaq"
"254",2069,0.994,1,0,0.022,"ASSss3","HCR13","REClowmed","INNvar","OERnaq"
"255",2070,0.992,1,0,0.028,"ASSss3","HCR13","REClowmed","INNvar","OERnaq"
"256",2020,0.603,1,0,0.003,"ASSss3","HCR13","RECmix","INNvar","OERnaq"
"257",2021,0.681,1,0,0.281,"ASSss3","HCR13","RECmix","INNvar","OERnaq"
"258",2022,0.715,1,0,0.264,"ASSss3","HCR13","RECmix","INNvar","OERnaq"
"259",2023,0.721,1,0,0.212,"ASSss3","HCR13","RECmix","INNvar","OERnaq"
"260",2024,0.737,0.998,0,0.191,"ASSss3","HCR13","RECmix","INNvar","OERnaq"
"261",2025,0.745,0.998,0,0.201,"ASSss3","HCR13","RECmix","INNvar","OERnaq"
"262",2026,0.761,0.997,0,0.168,"ASSss3","HCR13","RECmix","INNvar","OERnaq"
"263",2027,0.773,0.995,0,0.16,"ASSss3","HCR13","RECmix","INNvar","OERnaq"
"264",2028,0.776,0.995,0,0.161,"ASSss3","HCR13","RECmix","INNvar","OERnaq"
"265",2029,0.781,0.998,0,0.163,"ASSss3","HCR13","RECmix","INNvar","OERnaq"
"266",2030,0.789,0.995,0,0.149,"ASSss3","HCR13","RECmix","INNvar","OERnaq"
"267",2031,0.804,0.994,0,0.151,"ASSss3","HCR13","RECmix","INNvar","OERnaq"
"268",2032,0.817,0.997,0,0.148,"ASSss3","HCR13","RECmix","INNvar","OERnaq"
"269",2033,0.827,0.998,0,0.146,"ASSss3","HCR13","RECmix","INNvar","OERnaq"
"270",2034,0.834,0.996,0,0.142,"ASSss3","HCR13","RECmix","INNvar","OERnaq"
"271",2035,0.844,0.994,0,0.137,"ASSss3","HCR13","RECmix","INNvar","OERnaq"
"272",2036,0.847,0.997,0,0.132,"ASSss3","HCR13","RECmix","INNvar","OERnaq"
"273",2037,0.849,0.998,0,0.128,"ASSss3","HCR13","RECmix","INNvar","OERnaq"
"274",2038,0.851,0.999,0,0.138,"ASSss3","HCR13","RECmix","INNvar","OERnaq"
"275",2039,0.857,0.994,0,0.117,"ASSss3","HCR13","RECmix","INNvar","OERnaq"
"276",2040,0.862,0.996,0,0.12,"ASSss3","HCR13","RECmix","INNvar","OERnaq"
"277",2041,0.861,0.995,0,0.117,"ASSss3","HCR13","RECmix","INNvar","OERnaq"
"278",2042,0.868,0.997,0,0.128,"ASSss3","HCR13","RECmix","INNvar","OERnaq"
"279",2043,0.866,0.997,0,0.116,"ASSss3","HCR13","RECmix","INNvar","OERnaq"
"280",2044,0.872,0.995,0,0.107,"ASSss3","HCR13","RECmix","INNvar","OERnaq"
"281",2045,0.88,0.997,0,0.123,"ASSss3","HCR13","RECmix","INNvar","OERnaq"
"282",2046,0.883,0.991,0,0.12,"ASSss3","HCR13","RECmix","INNvar","OERnaq"
"283",2047,0.889,0.994,0,0.114,"ASSss3","HCR13","RECmix","INNvar","OERnaq"
"284",2048,0.898,0.991,0,0.091,"ASSss3","HCR13","RECmix","INNvar","OERnaq"
"285",2049,0.904,0.994,0,0.098,"ASSss3","HCR13","RECmix","INNvar","OERnaq"
"286",2050,0.905,0.992,0,0.093,"ASSss3","HCR13","RECmix","INNvar","OERnaq"
"287",2051,0.908,0.992,0,0.079,"ASSss3","HCR13","RECmix","INNvar","OERnaq"
"288",2052,0.914,0.997,0,0.076,"ASSss3","HCR13","RECmix","INNvar","OERnaq"
"289",2053,0.918,0.998,0,0.088,"ASSss3","HCR13","RECmix","INNvar","OERnaq"
"290",2054,0.92,0.997,0,0.085,"ASSss3","HCR13","RECmix","INNvar","OERnaq"
"291",2055,0.918,0.996,0,0.088,"ASSss3","HCR13","RECmix","INNvar","OERnaq"
"292",2056,0.92,0.997,0,0.085,"ASSss3","HCR13","RECmix","INNvar","OERnaq"
"293",2057,0.928,0.998,0,0.074,"ASSss3","HCR13","RECmix","INNvar","OERnaq"
"294",2058,0.928,0.999,0,0.068,"ASSss3","HCR13","RECmix","INNvar","OERnaq"
"295",2059,0.933,0.999,0,0.073,"ASSss3","HCR13","RECmix","INNvar","OERnaq"
"296",2060,0.928,0.998,0,0.072,"ASSss3","HCR13","RECmix","INNvar","OERnaq"
"297",2061,0.927,0.999,0,0.071,"ASSss3","HCR13","RECmix","INNvar","OERnaq"
"298",2062,0.933,0.995,0,0.073,"ASSss3","HCR13","RECmix","INNvar","OERnaq"
"299",2063,0.931,0.997,0,0.078,"ASSss3","HCR13","RECmix","INNvar","OERnaq"
"300",2064,0.936,1,0,0.077,"ASSss3","HCR13","RECmix","INNvar","OERnaq"
"301",2065,0.934,0.998,0,0.073,"ASSss3","HCR13","RECmix","INNvar","OERnaq"
"302",2066,0.927,1,0,0.068,"ASSss3","HCR13","RECmix","INNvar","OERnaq"
"303",2067,0.931,0.999,0,0.07,"ASSss3","HCR13","RECmix","INNvar","OERnaq"
"304",2068,0.935,1,0,0.083,"ASSss3","HCR13","RECmix","INNvar","OERnaq"
"305",2069,0.932,1,0,0.071,"ASSss3","HCR13","RECmix","INNvar","OERnaq"
"306",2070,0.935,0.999,0,0.078,"ASSss3","HCR13","RECmix","INNvar","OERnaq"
"307",2020,0.577,0.999,0,0.004,"ASSss3","HCR14","REClow","INNvar","OERnaq"
"308",2021,0.6,1,0,0.226,"ASSss3","HCR14","REClow","INNvar","OERnaq"
"309",2022,0.54,1,0,0.286,"ASSss3","HCR14","REClow","INNvar","OERnaq"
"310",2023,0.422,1,0,0.319,"ASSss3","HCR14","REClow","INNvar","OERnaq"
"311",2024,0.378,0.998,0,0.413,"ASSss3","HCR14","REClow","INNvar","OERnaq"
"312",2025,0.325,0.997,0,0.462,"ASSss3","HCR14","REClow","INNvar","OERnaq"
"313",2026,0.286,0.993,0,0.382,"ASSss3","HCR14","REClow","INNvar","OERnaq"
"314",2027,0.282,0.993,0,0.413,"ASSss3","HCR14","REClow","INNvar","OERnaq"
"315",2028,0.245,0.991,0,0.461,"ASSss3","HCR14","REClow","INNvar","OERnaq"
"316",2029,0.244,0.994,0,0.49,"ASSss3","HCR14","REClow","INNvar","OERnaq"
"317",2030,0.251,0.988,0,0.468,"ASSss3","HCR14","REClow","INNvar","OERnaq"
"318",2031,0.24,0.986,0,0.498,"ASSss3","HCR14","REClow","INNvar","OERnaq"
"319",2032,0.242,0.989,0,0.51,"ASSss3","HCR14","REClow","INNvar","OERnaq"
"320",2033,0.252,0.987,0,0.497,"ASSss3","HCR14","REClow","INNvar","OERnaq"
"321",2034,0.243,0.989,0,0.52,"ASSss3","HCR14","REClow","INNvar","OERnaq"
"322",2035,0.281,0.984,0,0.509,"ASSss3","HCR14","REClow","INNvar","OERnaq"
"323",2036,0.291,0.981,0,0.483,"ASSss3","HCR14","REClow","INNvar","OERnaq"
"324",2037,0.283,0.99,0,0.54,"ASSss3","HCR14","REClow","INNvar","OERnaq"
"325",2038,0.264,0.987,0,0.554,"ASSss3","HCR14","REClow","INNvar","OERnaq"
"326",2039,0.247,0.986,0,0.557,"ASSss3","HCR14","REClow","INNvar","OERnaq"
"327",2040,0.254,0.982,0,0.582,"ASSss3","HCR14","REClow","INNvar","OERnaq"
"328",2041,0.232,0.978,0,0.613,"ASSss3","HCR14","REClow","INNvar","OERnaq"
"329",2042,0.242,0.981,0,0.581,"ASSss3","HCR14","REClow","INNvar","OERnaq"
"330",2043,0.234,0.988,0,0.592,"ASSss3","HCR14","REClow","INNvar","OERnaq"
"331",2044,0.231,0.983,0,0.63,"ASSss3","HCR14","REClow","INNvar","OERnaq"
"332",2045,0.216,0.974,0,0.628,"ASSss3","HCR14","REClow","INNvar","OERnaq"
"333",2046,0.261,0.972,0,0.617,"ASSss3","HCR14","REClow","INNvar","OERnaq"
"334",2047,0.258,0.983,0,0.618,"ASSss3","HCR14","REClow","INNvar","OERnaq"
"335",2048,0.27,0.98,0,0.625,"ASSss3","HCR14","REClow","INNvar","OERnaq"
"336",2049,0.251,0.977,0,0.636,"ASSss3","HCR14","REClow","INNvar","OERnaq"
"337",2050,0.243,0.978,0,0.656,"ASSss3","HCR14","REClow","INNvar","OERnaq"
"338",2051,0.248,0.977,0,0.655,"ASSss3","HCR14","REClow","INNvar","OERnaq"
"339",2052,0.248,0.989,0,0.657,"ASSss3","HCR14","REClow","INNvar","OERnaq"
"340",2053,0.265,0.982,0,0.659,"ASSss3","HCR14","REClow","INNvar","OERnaq"
"341",2054,0.238,0.979,0,0.651,"ASSss3","HCR14","REClow","INNvar","OERnaq"
"342",2055,0.226,0.968,0,0.659,"ASSss3","HCR14","REClow","INNvar","OERnaq"
"343",2056,0.23,0.971,0,0.69,"ASSss3","HCR14","REClow","INNvar","OERnaq"
"344",2057,0.231,0.972,0,0.677,"ASSss3","HCR14","REClow","INNvar","OERnaq"
"345",2058,0.255,0.976,0,0.683,"ASSss3","HCR14","REClow","INNvar","OERnaq"
"346",2059,0.238,0.969,0,0.689,"ASSss3","HCR14","REClow","INNvar","OERnaq"
"347",2060,0.242,0.965,0,0.671,"ASSss3","HCR14","REClow","INNvar","OERnaq"
"348",2061,0.208,0.968,0,0.699,"ASSss3","HCR14","REClow","INNvar","OERnaq"
"349",2062,0.202,0.973,0,0.721,"ASSss3","HCR14","REClow","INNvar","OERnaq"
"350",2063,0.221,0.973,0,0.698,"ASSss3","HCR14","REClow","INNvar","OERnaq"
"351",2064,0.231,0.975,0,0.694,"ASSss3","HCR14","REClow","INNvar","OERnaq"
"352",2065,0.234,0.962,0,0.714,"ASSss3","HCR14","REClow","INNvar","OERnaq"
"353",2066,0.236,0.976,0,0.711,"ASSss3","HCR14","REClow","INNvar","OERnaq"
"354",2067,0.216,0.983,0,0.726,"ASSss3","HCR14","REClow","INNvar","OERnaq"
"355",2068,0.221,0.977,0,0.738,"ASSss3","HCR14","REClow","INNvar","OERnaq"
"356",2069,0.239,0.984,0,0.721,"ASSss3","HCR14","REClow","INNvar","OERnaq"
"357",2070,0.215,0.973,0,0.725,"ASSss3","HCR14","REClow","INNvar","OERnaq"
"358",2020,0.598,1,0,0.003,"ASSss3","HCR14","REClowmed","INNvar","OERnaq"
"359",2021,0.831,0.998,0,0.075,"ASSss3","HCR14","REClowmed","INNvar","OERnaq"
"360",2022,0.904,0.998,0,0.045,"ASSss3","HCR14","REClowmed","INNvar","OERnaq"
"361",2023,0.934,0.999,0,0.027,"ASSss3","HCR14","REClowmed","INNvar","OERnaq"
"362",2024,0.952,1,0,0.016,"ASSss3","HCR14","REClowmed","INNvar","OERnaq"
"363",2025,0.975,1,0,0.014,"ASSss3","HCR14","REClowmed","INNvar","OERnaq"
"364",2026,0.971,1,0,0.016,"ASSss3","HCR14","REClowmed","INNvar","OERnaq"
"365",2027,0.974,0.999,0,0.01,"ASSss3","HCR14","REClowmed","INNvar","OERnaq"
"366",2028,0.98,1,0,0.01,"ASSss3","HCR14","REClowmed","INNvar","OERnaq"
"367",2029,0.984,1,0,0.01,"ASSss3","HCR14","REClowmed","INNvar","OERnaq"
"368",2030,0.981,1,0,0.004,"ASSss3","HCR14","REClowmed","INNvar","OERnaq"
"369",2031,0.989,1,0,0.005,"ASSss3","HCR14","REClowmed","INNvar","OERnaq"
"370",2032,0.994,1,0,0.004,"ASSss3","HCR14","REClowmed","INNvar","OERnaq"
"371",2033,0.996,1,0,0.004,"ASSss3","HCR14","REClowmed","INNvar","OERnaq"
"372",2034,0.994,1,0,0.002,"ASSss3","HCR14","REClowmed","INNvar","OERnaq"
"373",2035,0.993,1,0,0.003,"ASSss3","HCR14","REClowmed","INNvar","OERnaq"
"374",2036,0.995,1,0,0.002,"ASSss3","HCR14","REClowmed","INNvar","OERnaq"
"375",2037,0.993,1,0,0.005,"ASSss3","HCR14","REClowmed","INNvar","OERnaq"
"376",2038,0.99,1,0,0.005,"ASSss3","HCR14","REClowmed","INNvar","OERnaq"
"377",2039,0.992,1,0,0.005,"ASSss3","HCR14","REClowmed","INNvar","OERnaq"
"378",2040,0.993,1,0,0.003,"ASSss3","HCR14","REClowmed","INNvar","OERnaq"
"379",2041,0.992,1,0,0.002,"ASSss3","HCR14","REClowmed","INNvar","OERnaq"
"380",2042,0.996,1,0,0.002,"ASSss3","HCR14","REClowmed","INNvar","OERnaq"
"381",2043,0.994,1,0,0.002,"ASSss3","HCR14","REClowmed","INNvar","OERnaq"
"382",2044,0.996,1,0,0.001,"ASSss3","HCR14","REClowmed","INNvar","OERnaq"
"383",2045,1,1,0,0,"ASSss3","HCR14","REClowmed","INNvar","OERnaq"
"384",2046,0.995,1,0,0.002,"ASSss3","HCR14","REClowmed","INNvar","OERnaq"
"385",2047,0.997,1,0,0.002,"ASSss3","HCR14","REClowmed","INNvar","OERnaq"
"386",2048,0.996,1,0,0.005,"ASSss3","HCR14","REClowmed","INNvar","OERnaq"
"387",2049,0.99,1,0,0.004,"ASSss3","HCR14","REClowmed","INNvar","OERnaq"
"388",2050,0.995,1,0,0.003,"ASSss3","HCR14","REClowmed","INNvar","OERnaq"
"389",2051,0.99,1,0,0.002,"ASSss3","HCR14","REClowmed","INNvar","OERnaq"
"390",2052,0.993,1,0,0.006,"ASSss3","HCR14","REClowmed","INNvar","OERnaq"
"391",2053,0.992,1,0,0.002,"ASSss3","HCR14","REClowmed","INNvar","OERnaq"
"392",2054,0.998,1,0,0.002,"ASSss3","HCR14","REClowmed","INNvar","OERnaq"
"393",2055,0.997,1,0,0.003,"ASSss3","HCR14","REClowmed","INNvar","OERnaq"
"394",2056,0.995,1,0,0.003,"ASSss3","HCR14","REClowmed","INNvar","OERnaq"
"395",2057,0.994,1,0,0.004,"ASSss3","HCR14","REClowmed","INNvar","OERnaq"
"396",2058,0.993,1,0,0.004,"ASSss3","HCR14","REClowmed","INNvar","OERnaq"
"397",2059,0.995,1,0,0.002,"ASSss3","HCR14","REClowmed","INNvar","OERnaq"
"398",2060,0.994,1,0,0.002,"ASSss3","HCR14","REClowmed","INNvar","OERnaq"
"399",2061,0.994,1,0,0.003,"ASSss3","HCR14","REClowmed","INNvar","OERnaq"
"400",2062,0.993,1,0,0,"ASSss3","HCR14","REClowmed","INNvar","OERnaq"
"401",2063,0.995,1,0,0.002,"ASSss3","HCR14","REClowmed","INNvar","OERnaq"
"402",2064,0.996,1,0,0.001,"ASSss3","HCR14","REClowmed","INNvar","OERnaq"
"403",2065,0.993,1,0,0.002,"ASSss3","HCR14","REClowmed","INNvar","OERnaq"
"404",2066,0.996,1,0,0.001,"ASSss3","HCR14","REClowmed","INNvar","OERnaq"
"405",2067,0.994,1,0,0.001,"ASSss3","HCR14","REClowmed","INNvar","OERnaq"
"406",2068,0.999,1,0,0.003,"ASSss3","HCR14","REClowmed","INNvar","OERnaq"
"407",2069,0.997,1,0,0.003,"ASSss3","HCR14","REClowmed","INNvar","OERnaq"
"408",2070,0.996,1,0,0.002,"ASSss3","HCR14","REClowmed","INNvar","OERnaq"
"409",2020,0.591,1,0,0.003,"ASSss3","HCR14","RECmix","INNvar","OERnaq"
"410",2021,0.676,0.998,0,0.168,"ASSss3","HCR14","RECmix","INNvar","OERnaq"
"411",2022,0.723,1,0,0.165,"ASSss3","HCR14","RECmix","INNvar","OERnaq"
"412",2023,0.735,1,0,0.138,"ASSss3","HCR14","RECmix","INNvar","OERnaq"
"413",2024,0.756,0.998,0,0.14,"ASSss3","HCR14","RECmix","INNvar","OERnaq"
"414",2025,0.776,0.999,0,0.116,"ASSss3","HCR14","RECmix","INNvar","OERnaq"
"415",2026,0.784,0.996,0,0.117,"ASSss3","HCR14","RECmix","INNvar","OERnaq"
"416",2027,0.798,0.995,0,0.108,"ASSss3","HCR14","RECmix","INNvar","OERnaq"
"417",2028,0.8,0.995,0,0.112,"ASSss3","HCR14","RECmix","INNvar","OERnaq"
"418",2029,0.807,0.999,0,0.124,"ASSss3","HCR14","RECmix","INNvar","OERnaq"
"419",2030,0.82,0.995,0,0.112,"ASSss3","HCR14","RECmix","INNvar","OERnaq"
"420",2031,0.832,0.996,0,0.103,"ASSss3","HCR14","RECmix","INNvar","OERnaq"
"421",2032,0.839,0.997,0,0.097,"ASSss3","HCR14","RECmix","INNvar","OERnaq"
"422",2033,0.851,0.996,0,0.088,"ASSss3","HCR14","RECmix","INNvar","OERnaq"
"423",2034,0.861,0.997,0,0.087,"ASSss3","HCR14","RECmix","INNvar","OERnaq"
"424",2035,0.869,0.996,0,0.091,"ASSss3","HCR14","RECmix","INNvar","OERnaq"
"425",2036,0.87,0.996,0,0.089,"ASSss3","HCR14","RECmix","INNvar","OERnaq"
"426",2037,0.878,0.999,0,0.088,"ASSss3","HCR14","RECmix","INNvar","OERnaq"
"427",2038,0.881,0.999,0,0.089,"ASSss3","HCR14","RECmix","INNvar","OERnaq"
"428",2039,0.889,0.997,0,0.08,"ASSss3","HCR14","RECmix","INNvar","OERnaq"
"429",2040,0.896,0.997,0,0.075,"ASSss3","HCR14","RECmix","INNvar","OERnaq"
"430",2041,0.898,0.996,0,0.071,"ASSss3","HCR14","RECmix","INNvar","OERnaq"
"431",2042,0.905,1,0,0.071,"ASSss3","HCR14","RECmix","INNvar","OERnaq"
"432",2043,0.901,0.998,0,0.069,"ASSss3","HCR14","RECmix","INNvar","OERnaq"
"433",2044,0.905,0.996,0,0.068,"ASSss3","HCR14","RECmix","INNvar","OERnaq"
"434",2045,0.916,0.997,0,0.072,"ASSss3","HCR14","RECmix","INNvar","OERnaq"
"435",2046,0.916,0.995,0,0.071,"ASSss3","HCR14","RECmix","INNvar","OERnaq"
"436",2047,0.917,0.996,0,0.066,"ASSss3","HCR14","RECmix","INNvar","OERnaq"
"437",2048,0.927,0.993,0,0.065,"ASSss3","HCR14","RECmix","INNvar","OERnaq"
"438",2049,0.928,0.997,0,0.057,"ASSss3","HCR14","RECmix","INNvar","OERnaq"
"439",2050,0.932,0.997,0,0.055,"ASSss3","HCR14","RECmix","INNvar","OERnaq"
"440",2051,0.934,0.997,0,0.046,"ASSss3","HCR14","RECmix","INNvar","OERnaq"
"441",2052,0.936,0.999,0,0.05,"ASSss3","HCR14","RECmix","INNvar","OERnaq"
"442",2053,0.945,0.999,0,0.043,"ASSss3","HCR14","RECmix","INNvar","OERnaq"
"443",2054,0.953,0.999,0,0.038,"ASSss3","HCR14","RECmix","INNvar","OERnaq"
"444",2055,0.95,0.997,0,0.046,"ASSss3","HCR14","RECmix","INNvar","OERnaq"
"445",2056,0.951,0.996,0,0.04,"ASSss3","HCR14","RECmix","INNvar","OERnaq"
"446",2057,0.951,0.998,0,0.037,"ASSss3","HCR14","RECmix","INNvar","OERnaq"
"447",2058,0.946,1,0,0.043,"ASSss3","HCR14","RECmix","INNvar","OERnaq"
"448",2059,0.955,1,0,0.037,"ASSss3","HCR14","RECmix","INNvar","OERnaq"
"449",2060,0.951,0.998,0,0.036,"ASSss3","HCR14","RECmix","INNvar","OERnaq"
"450",2061,0.951,0.999,0,0.035,"ASSss3","HCR14","RECmix","INNvar","OERnaq"
"451",2062,0.955,0.998,0,0.03,"ASSss3","HCR14","RECmix","INNvar","OERnaq"
"452",2063,0.954,0.998,0,0.036,"ASSss3","HCR14","RECmix","INNvar","OERnaq"
"453",2064,0.952,1,0,0.038,"ASSss3","HCR14","RECmix","INNvar","OERnaq"
"454",2065,0.952,0.998,0,0.037,"ASSss3","HCR14","RECmix","INNvar","OERnaq"
"455",2066,0.953,0.999,0,0.034,"ASSss3","HCR14","RECmix","INNvar","OERnaq"
"456",2067,0.955,0.999,0,0.028,"ASSss3","HCR14","RECmix","INNvar","OERnaq"
"457",2068,0.961,1,0,0.034,"ASSss3","HCR14","RECmix","INNvar","OERnaq"
"458",2069,0.962,1,0,0.032,"ASSss3","HCR14","RECmix","INNvar","OERnaq"
"459",2070,0.962,1,0,0.03,"ASSss3","HCR14","RECmix","INNvar","OERnaq"
"460",2020,0.59,0.996,0,0.008,"ASSss3","HCR7","REClow","INNvar","OERnaq"
"461",2021,0.626,0.998,0.821,0,"ASSss3","HCR7","REClow","INNvar","OERnaq"
"462",2022,0.669,1,0.841,0,"ASSss3","HCR7","REClow","INNvar","OERnaq"
"463",2023,0.658,1,0.828,0,"ASSss3","HCR7","REClow","INNvar","OERnaq"
"464",2024,0.666,1,0.833,0,"ASSss3","HCR7","REClow","INNvar","OERnaq"
"465",2025,0.679,1,0.842,0,"ASSss3","HCR7","REClow","INNvar","OERnaq"
"466",2026,0.661,1,0.822,0,"ASSss3","HCR7","REClow","INNvar","OERnaq"
"467",2027,0.675,1,0.846,0,"ASSss3","HCR7","REClow","INNvar","OERnaq"
"468",2028,0.706,1,0.826,0,"ASSss3","HCR7","REClow","INNvar","OERnaq"
"469",2029,0.699,1,0.834,0,"ASSss3","HCR7","REClow","INNvar","OERnaq"
"470",2030,0.683,1,0.814,0,"ASSss3","HCR7","REClow","INNvar","OERnaq"
"471",2031,0.706,1,0.827,0,"ASSss3","HCR7","REClow","INNvar","OERnaq"
"472",2032,0.703,1,0.823,0,"ASSss3","HCR7","REClow","INNvar","OERnaq"
"473",2033,0.712,1,0.85,0,"ASSss3","HCR7","REClow","INNvar","OERnaq"
"474",2034,0.694,1,0.849,0,"ASSss3","HCR7","REClow","INNvar","OERnaq"
"475",2035,0.723,1,0.826,0,"ASSss3","HCR7","REClow","INNvar","OERnaq"
"476",2036,0.713,1,0.855,0,"ASSss3","HCR7","REClow","INNvar","OERnaq"
"477",2037,0.741,1,0.834,0,"ASSss3","HCR7","REClow","INNvar","OERnaq"
"478",2038,0.723,1,0.808,0,"ASSss3","HCR7","REClow","INNvar","OERnaq"
"479",2039,0.714,1,0.807,0,"ASSss3","HCR7","REClow","INNvar","OERnaq"
"480",2040,0.708,1,0.842,0,"ASSss3","HCR7","REClow","INNvar","OERnaq"
"481",2041,0.7,1,0.831,0,"ASSss3","HCR7","REClow","INNvar","OERnaq"
"482",2042,0.716,1,0.832,0,"ASSss3","HCR7","REClow","INNvar","OERnaq"
"483",2043,0.688,1,0.84,0,"ASSss3","HCR7","REClow","INNvar","OERnaq"
"484",2044,0.686,1,0.835,0,"ASSss3","HCR7","REClow","INNvar","OERnaq"
"485",2045,0.701,1,0.836,0,"ASSss3","HCR7","REClow","INNvar","OERnaq"
"486",2046,0.698,1,0.812,0,"ASSss3","HCR7","REClow","INNvar","OERnaq"
"487",2047,0.719,1,0.826,0,"ASSss3","HCR7","REClow","INNvar","OERnaq"
"488",2048,0.703,1,0.833,0,"ASSss3","HCR7","REClow","INNvar","OERnaq"
"489",2049,0.709,1,0.838,0,"ASSss3","HCR7","REClow","INNvar","OERnaq"
"490",2050,0.722,1,0.842,0,"ASSss3","HCR7","REClow","INNvar","OERnaq"
"491",2051,0.73,1,0.799,0,"ASSss3","HCR7","REClow","INNvar","OERnaq"
"492",2052,0.732,1,0.821,0,"ASSss3","HCR7","REClow","INNvar","OERnaq"
"493",2053,0.71,1,0.81,0,"ASSss3","HCR7","REClow","INNvar","OERnaq"
"494",2054,0.724,1,0.829,0,"ASSss3","HCR7","REClow","INNvar","OERnaq"
"495",2055,0.725,1,0.839,0,"ASSss3","HCR7","REClow","INNvar","OERnaq"
"496",2056,0.735,1,0.843,0,"ASSss3","HCR7","REClow","INNvar","OERnaq"
"497",2057,0.729,1,0.849,0,"ASSss3","HCR7","REClow","INNvar","OERnaq"
"498",2058,0.715,1,0.834,0,"ASSss3","HCR7","REClow","INNvar","OERnaq"
"499",2059,0.723,1,0.829,0,"ASSss3","HCR7","REClow","INNvar","OERnaq"
"500",2060,0.731,1,0.832,0,"ASSss3","HCR7","REClow","INNvar","OERnaq"
"501",2061,0.727,1,0.841,0,"ASSss3","HCR7","REClow","INNvar","OERnaq"
"502",2062,0.705,1,0.839,0,"ASSss3","HCR7","REClow","INNvar","OERnaq"
"503",2063,0.716,1,0.827,0,"ASSss3","HCR7","REClow","INNvar","OERnaq"
"504",2064,0.716,1,0.833,0,"ASSss3","HCR7","REClow","INNvar","OERnaq"
"505",2065,0.714,1,0.84,0,"ASSss3","HCR7","REClow","INNvar","OERnaq"
"506",2066,0.708,1,0.819,0,"ASSss3","HCR7","REClow","INNvar","OERnaq"
"507",2067,0.728,1,0.842,0,"ASSss3","HCR7","REClow","INNvar","OERnaq"
"508",2068,0.718,1,0.816,0,"ASSss3","HCR7","REClow","INNvar","OERnaq"
"509",2069,0.691,1,0.841,0,"ASSss3","HCR7","REClow","INNvar","OERnaq"
"510",2070,0.689,1,0.826,0,"ASSss3","HCR7","REClow","INNvar","OERnaq"
"511",2020,0.603,0.999,0,0.005,"ASSss3","HCR7","REClowmed","INNvar","OERnaq"
"512",2021,0.823,0.998,0.811,0,"ASSss3","HCR7","REClowmed","INNvar","OERnaq"
"513",2022,0.936,1,0.82,0,"ASSss3","HCR7","REClowmed","INNvar","OERnaq"
"514",2023,0.971,1,0.798,0,"ASSss3","HCR7","REClowmed","INNvar","OERnaq"
"515",2024,0.989,1,0.828,0,"ASSss3","HCR7","REClowmed","INNvar","OERnaq"
"516",2025,0.996,1,0.831,0,"ASSss3","HCR7","REClowmed","INNvar","OERnaq"
"517",2026,0.996,1,0.803,0,"ASSss3","HCR7","REClowmed","INNvar","OERnaq"
"518",2027,0.998,1,0.827,0,"ASSss3","HCR7","REClowmed","INNvar","OERnaq"
"519",2028,1,1,0.807,0,"ASSss3","HCR7","REClowmed","INNvar","OERnaq"
"520",2029,1,1,0.8,0,"ASSss3","HCR7","REClowmed","INNvar","OERnaq"
"521",2030,1,1,0.834,0,"ASSss3","HCR7","REClowmed","INNvar","OERnaq"
"522",2031,1,1,0.796,0,"ASSss3","HCR7","REClowmed","INNvar","OERnaq"
"523",2032,1,1,0.802,0,"ASSss3","HCR7","REClowmed","INNvar","OERnaq"
"524",2033,1,1,0.81,0,"ASSss3","HCR7","REClowmed","INNvar","OERnaq"
"525",2034,0.999,1,0.839,0,"ASSss3","HCR7","REClowmed","INNvar","OERnaq"
"526",2035,1,1,0.839,0,"ASSss3","HCR7","REClowmed","INNvar","OERnaq"
"527",2036,1,1,0.821,0,"ASSss3","HCR7","REClowmed","INNvar","OERnaq"
"528",2037,1,1,0.82,0,"ASSss3","HCR7","REClowmed","INNvar","OERnaq"
"529",2038,1,1,0.812,0,"ASSss3","HCR7","REClowmed","INNvar","OERnaq"
"530",2039,1,1,0.796,0,"ASSss3","HCR7","REClowmed","INNvar","OERnaq"
"531",2040,1,1,0.822,0,"ASSss3","HCR7","REClowmed","INNvar","OERnaq"
"532",2041,1,1,0.841,0,"ASSss3","HCR7","REClowmed","INNvar","OERnaq"
"533",2042,1,1,0.802,0,"ASSss3","HCR7","REClowmed","INNvar","OERnaq"
"534",2043,1,1,0.811,0,"ASSss3","HCR7","REClowmed","INNvar","OERnaq"
"535",2044,1,1,0.808,0,"ASSss3","HCR7","REClowmed","INNvar","OERnaq"
"536",2045,1,1,0.812,0,"ASSss3","HCR7","REClowmed","INNvar","OERnaq"
"537",2046,1,1,0.8,0,"ASSss3","HCR7","REClowmed","INNvar","OERnaq"
"538",2047,1,1,0.817,0,"ASSss3","HCR7","REClowmed","INNvar","OERnaq"
"539",2048,1,1,0.803,0,"ASSss3","HCR7","REClowmed","INNvar","OERnaq"
"540",2049,0.999,1,0.819,0,"ASSss3","HCR7","REClowmed","INNvar","OERnaq"
"541",2050,1,1,0.836,0,"ASSss3","HCR7","REClowmed","INNvar","OERnaq"
"542",2051,1,1,0.819,0,"ASSss3","HCR7","REClowmed","INNvar","OERnaq"
"543",2052,1,1,0.808,0,"ASSss3","HCR7","REClowmed","INNvar","OERnaq"
"544",2053,1,1,0.81,0,"ASSss3","HCR7","REClowmed","INNvar","OERnaq"
"545",2054,1,1,0.8,0,"ASSss3","HCR7","REClowmed","INNvar","OERnaq"
"546",2055,1,1,0.793,0,"ASSss3","HCR7","REClowmed","INNvar","OERnaq"
"547",2056,1,1,0.795,0,"ASSss3","HCR7","REClowmed","INNvar","OERnaq"
"548",2057,1,1,0.809,0,"ASSss3","HCR7","REClowmed","INNvar","OERnaq"
"549",2058,1,1,0.791,0,"ASSss3","HCR7","REClowmed","INNvar","OERnaq"
"550",2059,1,1,0.803,0,"ASSss3","HCR7","REClowmed","INNvar","OERnaq"
"551",2060,1,1,0.815,0,"ASSss3","HCR7","REClowmed","INNvar","OERnaq"
"552",2061,1,1,0.813,0,"ASSss3","HCR7","REClowmed","INNvar","OERnaq"
"553",2062,1,1,0.83,0,"ASSss3","HCR7","REClowmed","INNvar","OERnaq"
"554",2063,1,1,0.819,0,"ASSss3","HCR7","REClowmed","INNvar","OERnaq"
"555",2064,1,1,0.796,0,"ASSss3","HCR7","REClowmed","INNvar","OERnaq"
"556",2065,1,1,0.82,0,"ASSss3","HCR7","REClowmed","INNvar","OERnaq"
"557",2066,1,1,0.816,0,"ASSss3","HCR7","REClowmed","INNvar","OERnaq"
"558",2067,1,1,0.827,0,"ASSss3","HCR7","REClowmed","INNvar","OERnaq"
"559",2068,1,1,0.822,0,"ASSss3","HCR7","REClowmed","INNvar","OERnaq"
"560",2069,1,1,0.795,0,"ASSss3","HCR7","REClowmed","INNvar","OERnaq"
"561",2070,1,1,0.831,0,"ASSss3","HCR7","REClowmed","INNvar","OERnaq"
"562",2020,0.595,1,0,0.001,"ASSss3","HCR7","RECmix","INNvar","OERnaq"
"563",2021,0.678,1,0.802,0,"ASSss3","HCR7","RECmix","INNvar","OERnaq"
"564",2022,0.77,1,0.812,0,"ASSss3","HCR7","RECmix","INNvar","OERnaq"
"565",2023,0.827,1,0.81,0,"ASSss3","HCR7","RECmix","INNvar","OERnaq"
"566",2024,0.866,1,0.807,0,"ASSss3","HCR7","RECmix","INNvar","OERnaq"
"567",2025,0.891,1,0.831,0,"ASSss3","HCR7","RECmix","INNvar","OERnaq"
"568",2026,0.915,1,0.805,0,"ASSss3","HCR7","RECmix","INNvar","OERnaq"
"569",2027,0.935,1,0.807,0,"ASSss3","HCR7","RECmix","INNvar","OERnaq"
"570",2028,0.952,1,0.801,0,"ASSss3","HCR7","RECmix","INNvar","OERnaq"
"571",2029,0.962,1,0.808,0,"ASSss3","HCR7","RECmix","INNvar","OERnaq"
"572",2030,0.97,1,0.828,0,"ASSss3","HCR7","RECmix","INNvar","OERnaq"
"573",2031,0.971,1,0.812,0,"ASSss3","HCR7","RECmix","INNvar","OERnaq"
"574",2032,0.976,1,0.797,0,"ASSss3","HCR7","RECmix","INNvar","OERnaq"
"575",2033,0.983,1,0.821,0,"ASSss3","HCR7","RECmix","INNvar","OERnaq"
"576",2034,0.983,1,0.842,0,"ASSss3","HCR7","RECmix","INNvar","OERnaq"
"577",2035,0.986,1,0.814,0,"ASSss3","HCR7","RECmix","INNvar","OERnaq"
"578",2036,0.988,1,0.818,0,"ASSss3","HCR7","RECmix","INNvar","OERnaq"
"579",2037,0.994,1,0.807,0,"ASSss3","HCR7","RECmix","INNvar","OERnaq"
"580",2038,0.994,1,0.812,0,"ASSss3","HCR7","RECmix","INNvar","OERnaq"
"581",2039,0.995,1,0.795,0,"ASSss3","HCR7","RECmix","INNvar","OERnaq"
"582",2040,0.997,1,0.808,0,"ASSss3","HCR7","RECmix","INNvar","OERnaq"
"583",2041,0.999,1,0.818,0,"ASSss3","HCR7","RECmix","INNvar","OERnaq"
"584",2042,0.998,1,0.799,0,"ASSss3","HCR7","RECmix","INNvar","OERnaq"
"585",2043,0.998,1,0.829,0,"ASSss3","HCR7","RECmix","INNvar","OERnaq"
"586",2044,0.999,1,0.786,0,"ASSss3","HCR7","RECmix","INNvar","OERnaq"
"587",2045,0.999,1,0.807,0,"ASSss3","HCR7","RECmix","INNvar","OERnaq"
"588",2046,0.999,1,0.804,0,"ASSss3","HCR7","RECmix","INNvar","OERnaq"
"589",2047,0.999,1,0.809,0,"ASSss3","HCR7","RECmix","INNvar","OERnaq"
"590",2048,0.999,1,0.791,0,"ASSss3","HCR7","RECmix","INNvar","OERnaq"
"591",2049,0.998,1,0.837,0,"ASSss3","HCR7","RECmix","INNvar","OERnaq"
"592",2050,0.998,1,0.81,0,"ASSss3","HCR7","RECmix","INNvar","OERnaq"
"593",2051,0.998,1,0.788,0,"ASSss3","HCR7","RECmix","INNvar","OERnaq"
"594",2052,0.999,1,0.804,0,"ASSss3","HCR7","RECmix","INNvar","OERnaq"
"595",2053,1,1,0.811,0,"ASSss3","HCR7","RECmix","INNvar","OERnaq"
"596",2054,1,1,0.802,0,"ASSss3","HCR7","RECmix","INNvar","OERnaq"
"597",2055,1,1,0.777,0,"ASSss3","HCR7","RECmix","INNvar","OERnaq"
"598",2056,1,1,0.776,0,"ASSss3","HCR7","RECmix","INNvar","OERnaq"
"599",2057,1,1,0.808,0,"ASSss3","HCR7","RECmix","INNvar","OERnaq"
"600",2058,1,1,0.804,0,"ASSss3","HCR7","RECmix","INNvar","OERnaq"
"601",2059,1,1,0.803,0,"ASSss3","HCR7","RECmix","INNvar","OERnaq"
"602",2060,1,1,0.823,0,"ASSss3","HCR7","RECmix","INNvar","OERnaq"
"603",2061,1,1,0.811,0,"ASSss3","HCR7","RECmix","INNvar","OERnaq"
"604",2062,1,1,0.818,0,"ASSss3","HCR7","RECmix","INNvar","OERnaq"
"605",2063,1,1,0.803,0,"ASSss3","HCR7","RECmix","INNvar","OERnaq"
"606",2064,1,1,0.813,0,"ASSss3","HCR7","RECmix","INNvar","OERnaq"
"607",2065,1,1,0.809,0,"ASSss3","HCR7","RECmix","INNvar","OERnaq"
"608",2066,1,1,0.808,0,"ASSss3","HCR7","RECmix","INNvar","OERnaq"
"609",2067,1,1,0.815,0,"ASSss3","HCR7","RECmix","INNvar","OERnaq"
"610",2068,1,1,0.825,0,"ASSss3","HCR7","RECmix","INNvar","OERnaq"
"611",2069,1,1,0.801,0,"ASSss3","HCR7","RECmix","INNvar","OERnaq"
"612",2070,1,1,0.821,0,"ASSss3","HCR7","RECmix","INNvar","OERnaq"
"613",2020,0.586,0.998,0,0.006,"ASSss3","HCR8","REClow","INNvar","OERnaq"
"614",2021,0.617,0.998,0,0.526,"ASSss3","HCR8","REClow","INNvar","OERnaq"
"615",2022,0.527,0.999,0,0.623,"ASSss3","HCR8","REClow","INNvar","OERnaq"
"616",2023,0.4,0.999,0,0.599,"ASSss3","HCR8","REClow","INNvar","OERnaq"
"617",2024,0.322,0.998,0,0.652,"ASSss3","HCR8","REClow","INNvar","OERnaq"
"618",2025,0.281,0.999,0,0.628,"ASSss3","HCR8","REClow","INNvar","OERnaq"
"619",2026,0.258,0.994,0,0.545,"ASSss3","HCR8","REClow","INNvar","OERnaq"
"620",2027,0.245,0.991,0,0.561,"ASSss3","HCR8","REClow","INNvar","OERnaq"
"621",2028,0.222,0.99,0,0.61,"ASSss3","HCR8","REClow","INNvar","OERnaq"
"622",2029,0.216,0.992,0,0.63,"ASSss3","HCR8","REClow","INNvar","OERnaq"
"623",2030,0.22,0.986,0,0.625,"ASSss3","HCR8","REClow","INNvar","OERnaq"
"624",2031,0.212,0.985,0,0.625,"ASSss3","HCR8","REClow","INNvar","OERnaq"
"625",2032,0.206,0.989,0,0.644,"ASSss3","HCR8","REClow","INNvar","OERnaq"
"626",2033,0.222,0.983,0,0.634,"ASSss3","HCR8","REClow","INNvar","OERnaq"
"627",2034,0.205,0.99,0,0.671,"ASSss3","HCR8","REClow","INNvar","OERnaq"
"628",2035,0.219,0.987,0,0.667,"ASSss3","HCR8","REClow","INNvar","OERnaq"
"629",2036,0.228,0.982,0,0.667,"ASSss3","HCR8","REClow","INNvar","OERnaq"
"630",2037,0.207,0.988,0,0.712,"ASSss3","HCR8","REClow","INNvar","OERnaq"
"631",2038,0.215,0.979,0,0.731,"ASSss3","HCR8","REClow","INNvar","OERnaq"
"632",2039,0.193,0.976,0,0.701,"ASSss3","HCR8","REClow","INNvar","OERnaq"
"633",2040,0.204,0.987,0,0.736,"ASSss3","HCR8","REClow","INNvar","OERnaq"
"634",2041,0.181,0.978,0,0.766,"ASSss3","HCR8","REClow","INNvar","OERnaq"
"635",2042,0.18,0.972,0,0.734,"ASSss3","HCR8","REClow","INNvar","OERnaq"
"636",2043,0.183,0.981,0,0.753,"ASSss3","HCR8","REClow","INNvar","OERnaq"
"637",2044,0.179,0.968,0,0.768,"ASSss3","HCR8","REClow","INNvar","OERnaq"
"638",2045,0.167,0.953,0,0.766,"ASSss3","HCR8","REClow","INNvar","OERnaq"
"639",2046,0.183,0.959,0,0.77,"ASSss3","HCR8","REClow","INNvar","OERnaq"
"640",2047,0.198,0.963,0,0.796,"ASSss3","HCR8","REClow","INNvar","OERnaq"
"641",2048,0.192,0.957,0,0.781,"ASSss3","HCR8","REClow","INNvar","OERnaq"
"642",2049,0.188,0.962,0,0.805,"ASSss3","HCR8","REClow","INNvar","OERnaq"
"643",2050,0.168,0.96,0,0.816,"ASSss3","HCR8","REClow","INNvar","OERnaq"
"644",2051,0.183,0.959,0,0.811,"ASSss3","HCR8","REClow","INNvar","OERnaq"
"645",2052,0.19,0.969,0,0.829,"ASSss3","HCR8","REClow","INNvar","OERnaq"
"646",2053,0.183,0.966,0,0.824,"ASSss3","HCR8","REClow","INNvar","OERnaq"
"647",2054,0.185,0.969,0,0.814,"ASSss3","HCR8","REClow","INNvar","OERnaq"
"648",2055,0.18,0.954,0,0.83,"ASSss3","HCR8","REClow","INNvar","OERnaq"
"649",2056,0.17,0.95,0,0.848,"ASSss3","HCR8","REClow","INNvar","OERnaq"
"650",2057,0.163,0.954,0,0.836,"ASSss3","HCR8","REClow","INNvar","OERnaq"
"651",2058,0.189,0.961,0,0.856,"ASSss3","HCR8","REClow","INNvar","OERnaq"
"652",2059,0.209,0.959,0,0.857,"ASSss3","HCR8","REClow","INNvar","OERnaq"
"653",2060,0.194,0.953,0,0.848,"ASSss3","HCR8","REClow","INNvar","OERnaq"
"654",2061,0.171,0.951,0,0.867,"ASSss3","HCR8","REClow","INNvar","OERnaq"
"655",2062,0.178,0.961,0,0.87,"ASSss3","HCR8","REClow","INNvar","OERnaq"
"656",2063,0.183,0.963,0,0.859,"ASSss3","HCR8","REClow","INNvar","OERnaq"
"657",2064,0.196,0.962,0,0.853,"ASSss3","HCR8","REClow","INNvar","OERnaq"
"658",2065,0.186,0.954,0,0.882,"ASSss3","HCR8","REClow","INNvar","OERnaq"
"659",2066,0.147,0.963,0,0.862,"ASSss3","HCR8","REClow","INNvar","OERnaq"
"660",2067,0.149,0.965,0,0.863,"ASSss3","HCR8","REClow","INNvar","OERnaq"
"661",2068,0.157,0.966,0,0.898,"ASSss3","HCR8","REClow","INNvar","OERnaq"
"662",2069,0.16,0.956,0,0.898,"ASSss3","HCR8","REClow","INNvar","OERnaq"
"663",2070,0.15,0.943,0,0.899,"ASSss3","HCR8","REClow","INNvar","OERnaq"
"664",2020,0.584,1,0,0.005,"ASSss3","HCR8","REClowmed","INNvar","OERnaq"
"665",2021,0.819,0.997,0,0.342,"ASSss3","HCR8","REClowmed","INNvar","OERnaq"
"666",2022,0.882,0.999,0,0.299,"ASSss3","HCR8","REClowmed","INNvar","OERnaq"
"667",2023,0.911,0.999,0,0.266,"ASSss3","HCR8","REClowmed","INNvar","OERnaq"
"668",2024,0.947,1,0,0.241,"ASSss3","HCR8","REClowmed","INNvar","OERnaq"
"669",2025,0.964,0.999,0,0.229,"ASSss3","HCR8","REClowmed","INNvar","OERnaq"
"670",2026,0.96,0.999,0,0.216,"ASSss3","HCR8","REClowmed","INNvar","OERnaq"
"671",2027,0.96,0.999,0,0.178,"ASSss3","HCR8","REClowmed","INNvar","OERnaq"
"672",2028,0.969,1,0,0.17,"ASSss3","HCR8","REClowmed","INNvar","OERnaq"
"673",2029,0.976,1,0,0.149,"ASSss3","HCR8","REClowmed","INNvar","OERnaq"
"674",2030,0.97,1,0,0.159,"ASSss3","HCR8","REClowmed","INNvar","OERnaq"
"675",2031,0.975,1,0,0.147,"ASSss3","HCR8","REClowmed","INNvar","OERnaq"
"676",2032,0.976,1,0,0.148,"ASSss3","HCR8","REClowmed","INNvar","OERnaq"
"677",2033,0.981,1,0,0.135,"ASSss3","HCR8","REClowmed","INNvar","OERnaq"
"678",2034,0.985,1,0,0.107,"ASSss3","HCR8","REClowmed","INNvar","OERnaq"
"679",2035,0.989,1,0,0.117,"ASSss3","HCR8","REClowmed","INNvar","OERnaq"
"680",2036,0.985,1,0,0.125,"ASSss3","HCR8","REClowmed","INNvar","OERnaq"
"681",2037,0.977,1,0,0.125,"ASSss3","HCR8","REClowmed","INNvar","OERnaq"
"682",2038,0.979,1,0,0.124,"ASSss3","HCR8","REClowmed","INNvar","OERnaq"
"683",2039,0.981,1,0,0.106,"ASSss3","HCR8","REClowmed","INNvar","OERnaq"
"684",2040,0.979,1,0,0.117,"ASSss3","HCR8","REClowmed","INNvar","OERnaq"
"685",2041,0.977,1,0,0.138,"ASSss3","HCR8","REClowmed","INNvar","OERnaq"
"686",2042,0.981,1,0,0.13,"ASSss3","HCR8","REClowmed","INNvar","OERnaq"
"687",2043,0.982,1,0,0.14,"ASSss3","HCR8","REClowmed","INNvar","OERnaq"
"688",2044,0.989,1,0,0.135,"ASSss3","HCR8","REClowmed","INNvar","OERnaq"
"689",2045,0.988,1,0,0.145,"ASSss3","HCR8","REClowmed","INNvar","OERnaq"
"690",2046,0.986,1,0,0.157,"ASSss3","HCR8","REClowmed","INNvar","OERnaq"
"691",2047,0.987,1,0,0.154,"ASSss3","HCR8","REClowmed","INNvar","OERnaq"
"692",2048,0.984,1,0,0.149,"ASSss3","HCR8","REClowmed","INNvar","OERnaq"
"693",2049,0.981,0.999,0,0.134,"ASSss3","HCR8","REClowmed","INNvar","OERnaq"
"694",2050,0.982,0.999,0,0.117,"ASSss3","HCR8","REClowmed","INNvar","OERnaq"
"695",2051,0.973,1,0,0.112,"ASSss3","HCR8","REClowmed","INNvar","OERnaq"
"696",2052,0.988,1,0,0.117,"ASSss3","HCR8","REClowmed","INNvar","OERnaq"
"697",2053,0.983,1,0,0.103,"ASSss3","HCR8","REClowmed","INNvar","OERnaq"
"698",2054,0.989,1,0,0.103,"ASSss3","HCR8","REClowmed","INNvar","OERnaq"
"699",2055,0.99,1,0,0.125,"ASSss3","HCR8","REClowmed","INNvar","OERnaq"
"700",2056,0.986,1,0,0.123,"ASSss3","HCR8","REClowmed","INNvar","OERnaq"
"701",2057,0.985,1,0,0.112,"ASSss3","HCR8","REClowmed","INNvar","OERnaq"
"702",2058,0.984,1,0,0.106,"ASSss3","HCR8","REClowmed","INNvar","OERnaq"
"703",2059,0.983,1,0,0.105,"ASSss3","HCR8","REClowmed","INNvar","OERnaq"
"704",2060,0.987,1,0,0.121,"ASSss3","HCR8","REClowmed","INNvar","OERnaq"
"705",2061,0.988,1,0,0.13,"ASSss3","HCR8","REClowmed","INNvar","OERnaq"
"706",2062,0.984,1,0,0.117,"ASSss3","HCR8","REClowmed","INNvar","OERnaq"
"707",2063,0.982,1,0,0.132,"ASSss3","HCR8","REClowmed","INNvar","OERnaq"
"708",2064,0.988,1,0,0.125,"ASSss3","HCR8","REClowmed","INNvar","OERnaq"
"709",2065,0.98,1,0,0.122,"ASSss3","HCR8","REClowmed","INNvar","OERnaq"
"710",2066,0.987,1,0,0.128,"ASSss3","HCR8","REClowmed","INNvar","OERnaq"
"711",2067,0.994,1,0,0.122,"ASSss3","HCR8","REClowmed","INNvar","OERnaq"
"712",2068,0.982,1,0,0.12,"ASSss3","HCR8","REClowmed","INNvar","OERnaq"
"713",2069,0.992,1,0,0.144,"ASSss3","HCR8","REClowmed","INNvar","OERnaq"
"714",2070,0.984,1,0,0.142,"ASSss3","HCR8","REClowmed","INNvar","OERnaq"
"715",2020,0.591,1,0,0.005,"ASSss3","HCR8","RECmix","INNvar","OERnaq"
"716",2021,0.677,0.999,0,0.401,"ASSss3","HCR8","RECmix","INNvar","OERnaq"
"717",2022,0.707,0.999,0,0.359,"ASSss3","HCR8","RECmix","INNvar","OERnaq"
"718",2023,0.711,0.999,0,0.311,"ASSss3","HCR8","RECmix","INNvar","OERnaq"
"719",2024,0.728,0.998,0,0.314,"ASSss3","HCR8","RECmix","INNvar","OERnaq"
"720",2025,0.742,0.999,0,0.31,"ASSss3","HCR8","RECmix","INNvar","OERnaq"
"721",2026,0.748,0.997,0,0.276,"ASSss3","HCR8","RECmix","INNvar","OERnaq"
"722",2027,0.76,0.995,0,0.253,"ASSss3","HCR8","RECmix","INNvar","OERnaq"
"723",2028,0.764,0.996,0,0.25,"ASSss3","HCR8","RECmix","INNvar","OERnaq"
"724",2029,0.772,0.999,0,0.25,"ASSss3","HCR8","RECmix","INNvar","OERnaq"
"725",2030,0.777,0.994,0,0.241,"ASSss3","HCR8","RECmix","INNvar","OERnaq"
"726",2031,0.788,0.994,0,0.225,"ASSss3","HCR8","RECmix","INNvar","OERnaq"
"727",2032,0.792,0.997,0,0.223,"ASSss3","HCR8","RECmix","INNvar","OERnaq"
"728",2033,0.799,0.998,0,0.217,"ASSss3","HCR8","RECmix","INNvar","OERnaq"
"729",2034,0.81,0.997,0,0.203,"ASSss3","HCR8","RECmix","INNvar","OERnaq"
"730",2035,0.822,0.996,0,0.219,"ASSss3","HCR8","RECmix","INNvar","OERnaq"
"731",2036,0.825,0.998,0,0.225,"ASSss3","HCR8","RECmix","INNvar","OERnaq"
"732",2037,0.827,0.995,0,0.224,"ASSss3","HCR8","RECmix","INNvar","OERnaq"
"733",2038,0.823,0.996,0,0.222,"ASSss3","HCR8","RECmix","INNvar","OERnaq"
"734",2039,0.84,0.994,0,0.192,"ASSss3","HCR8","RECmix","INNvar","OERnaq"
"735",2040,0.843,0.996,0,0.186,"ASSss3","HCR8","RECmix","INNvar","OERnaq"
"736",2041,0.845,0.994,0,0.211,"ASSss3","HCR8","RECmix","INNvar","OERnaq"
"737",2042,0.847,0.994,0,0.207,"ASSss3","HCR8","RECmix","INNvar","OERnaq"
"738",2043,0.843,0.994,0,0.207,"ASSss3","HCR8","RECmix","INNvar","OERnaq"
"739",2044,0.853,0.995,0,0.205,"ASSss3","HCR8","RECmix","INNvar","OERnaq"
"740",2045,0.851,0.993,0,0.215,"ASSss3","HCR8","RECmix","INNvar","OERnaq"
"741",2046,0.855,0.989,0,0.22,"ASSss3","HCR8","RECmix","INNvar","OERnaq"
"742",2047,0.86,0.992,0,0.217,"ASSss3","HCR8","RECmix","INNvar","OERnaq"
"743",2048,0.868,0.99,0,0.204,"ASSss3","HCR8","RECmix","INNvar","OERnaq"
"744",2049,0.866,0.991,0,0.203,"ASSss3","HCR8","RECmix","INNvar","OERnaq"
"745",2050,0.866,0.993,0,0.194,"ASSss3","HCR8","RECmix","INNvar","OERnaq"
"746",2051,0.872,0.992,0,0.184,"ASSss3","HCR8","RECmix","INNvar","OERnaq"
"747",2052,0.883,0.998,0,0.197,"ASSss3","HCR8","RECmix","INNvar","OERnaq"
"748",2053,0.884,0.999,0,0.189,"ASSss3","HCR8","RECmix","INNvar","OERnaq"
"749",2054,0.889,0.996,0,0.182,"ASSss3","HCR8","RECmix","INNvar","OERnaq"
"750",2055,0.892,0.996,0,0.215,"ASSss3","HCR8","RECmix","INNvar","OERnaq"
"751",2056,0.894,0.992,0,0.189,"ASSss3","HCR8","RECmix","INNvar","OERnaq"
"752",2057,0.902,0.998,0,0.172,"ASSss3","HCR8","RECmix","INNvar","OERnaq"
"753",2058,0.903,0.998,0,0.163,"ASSss3","HCR8","RECmix","INNvar","OERnaq"
"754",2059,0.912,0.996,0,0.172,"ASSss3","HCR8","RECmix","INNvar","OERnaq"
"755",2060,0.907,0.997,0,0.177,"ASSss3","HCR8","RECmix","INNvar","OERnaq"
"756",2061,0.907,0.998,0,0.182,"ASSss3","HCR8","RECmix","INNvar","OERnaq"
"757",2062,0.911,0.994,0,0.179,"ASSss3","HCR8","RECmix","INNvar","OERnaq"
"758",2063,0.907,0.998,0,0.189,"ASSss3","HCR8","RECmix","INNvar","OERnaq"
"759",2064,0.909,1,0,0.17,"ASSss3","HCR8","RECmix","INNvar","OERnaq"
"760",2065,0.918,0.997,0,0.17,"ASSss3","HCR8","RECmix","INNvar","OERnaq"
"761",2066,0.907,0.999,0,0.165,"ASSss3","HCR8","RECmix","INNvar","OERnaq"
"762",2067,0.911,0.997,0,0.164,"ASSss3","HCR8","RECmix","INNvar","OERnaq"
"763",2068,0.906,0.998,0,0.163,"ASSss3","HCR8","RECmix","INNvar","OERnaq"
"764",2069,0.915,0.998,0,0.2,"ASSss3","HCR8","RECmix","INNvar","OERnaq"
"765",2070,0.906,0.997,0,0.195,"ASSss3","HCR8","RECmix","INNvar","OERnaq"
"766",2020,0.59,0.998,0,0.01,"ASSss3","HCR9","REClow","INNvar","OERnaq"
"767",2021,0.615,0.997,0,0.567,"ASSss3","HCR9","REClow","INNvar","OERnaq"
"768",2022,0.521,0.999,0,0.663,"ASSss3","HCR9","REClow","INNvar","OERnaq"
"769",2023,0.385,0.999,0,0.622,"ASSss3","HCR9","REClow","INNvar","OERnaq"
"770",2024,0.318,0.998,0,0.663,"ASSss3","HCR9","REClow","INNvar","OERnaq"
"771",2025,0.266,0.995,0,0.648,"ASSss3","HCR9","REClow","INNvar","OERnaq"
"772",2026,0.223,0.989,0,0.544,"ASSss3","HCR9","REClow","INNvar","OERnaq"
"773",2027,0.215,0.985,0,0.545,"ASSss3","HCR9","REClow","INNvar","OERnaq"
"774",2028,0.202,0.985,0,0.605,"ASSss3","HCR9","REClow","INNvar","OERnaq"
"775",2029,0.199,0.989,0,0.639,"ASSss3","HCR9","REClow","INNvar","OERnaq"
"776",2030,0.189,0.979,0,0.599,"ASSss3","HCR9","REClow","INNvar","OERnaq"
"777",2031,0.183,0.977,0,0.63,"ASSss3","HCR9","REClow","INNvar","OERnaq"
"778",2032,0.185,0.985,0,0.64,"ASSss3","HCR9","REClow","INNvar","OERnaq"
"779",2033,0.192,0.979,0,0.625,"ASSss3","HCR9","REClow","INNvar","OERnaq"
"780",2034,0.19,0.978,0,0.658,"ASSss3","HCR9","REClow","INNvar","OERnaq"
"781",2035,0.212,0.983,0,0.642,"ASSss3","HCR9","REClow","INNvar","OERnaq"
"782",2036,0.23,0.976,0,0.636,"ASSss3","HCR9","REClow","INNvar","OERnaq"
"783",2037,0.211,0.976,0,0.695,"ASSss3","HCR9","REClow","INNvar","OERnaq"
"784",2038,0.206,0.972,0,0.732,"ASSss3","HCR9","REClow","INNvar","OERnaq"
"785",2039,0.2,0.972,0,0.695,"ASSss3","HCR9","REClow","INNvar","OERnaq"
"786",2040,0.189,0.98,0,0.734,"ASSss3","HCR9","REClow","INNvar","OERnaq"
"787",2041,0.167,0.972,0,0.744,"ASSss3","HCR9","REClow","INNvar","OERnaq"
"788",2042,0.179,0.971,0,0.728,"ASSss3","HCR9","REClow","INNvar","OERnaq"
"789",2043,0.183,0.973,0,0.752,"ASSss3","HCR9","REClow","INNvar","OERnaq"
"790",2044,0.174,0.971,0,0.771,"ASSss3","HCR9","REClow","INNvar","OERnaq"
"791",2045,0.168,0.949,0,0.787,"ASSss3","HCR9","REClow","INNvar","OERnaq"
"792",2046,0.173,0.953,0,0.786,"ASSss3","HCR9","REClow","INNvar","OERnaq"
"793",2047,0.174,0.963,0,0.793,"ASSss3","HCR9","REClow","INNvar","OERnaq"
"794",2048,0.169,0.95,0,0.766,"ASSss3","HCR9","REClow","INNvar","OERnaq"
"795",2049,0.165,0.954,0,0.793,"ASSss3","HCR9","REClow","INNvar","OERnaq"
"796",2050,0.159,0.949,0,0.807,"ASSss3","HCR9","REClow","INNvar","OERnaq"
"797",2051,0.175,0.952,0,0.801,"ASSss3","HCR9","REClow","INNvar","OERnaq"
"798",2052,0.187,0.957,0,0.827,"ASSss3","HCR9","REClow","INNvar","OERnaq"
"799",2053,0.174,0.948,0,0.813,"ASSss3","HCR9","REClow","INNvar","OERnaq"
"800",2054,0.173,0.958,0,0.809,"ASSss3","HCR9","REClow","INNvar","OERnaq"
"801",2055,0.163,0.951,0,0.815,"ASSss3","HCR9","REClow","INNvar","OERnaq"
"802",2056,0.156,0.94,0,0.844,"ASSss3","HCR9","REClow","INNvar","OERnaq"
"803",2057,0.147,0.949,0,0.814,"ASSss3","HCR9","REClow","INNvar","OERnaq"
"804",2058,0.167,0.955,0,0.84,"ASSss3","HCR9","REClow","INNvar","OERnaq"
"805",2059,0.178,0.948,0,0.843,"ASSss3","HCR9","REClow","INNvar","OERnaq"
"806",2060,0.166,0.937,0,0.836,"ASSss3","HCR9","REClow","INNvar","OERnaq"
"807",2061,0.156,0.936,0,0.86,"ASSss3","HCR9","REClow","INNvar","OERnaq"
"808",2062,0.146,0.947,0,0.859,"ASSss3","HCR9","REClow","INNvar","OERnaq"
"809",2063,0.175,0.949,0,0.838,"ASSss3","HCR9","REClow","INNvar","OERnaq"
"810",2064,0.171,0.952,0,0.842,"ASSss3","HCR9","REClow","INNvar","OERnaq"
"811",2065,0.166,0.949,0,0.864,"ASSss3","HCR9","REClow","INNvar","OERnaq"
"812",2066,0.145,0.952,0,0.853,"ASSss3","HCR9","REClow","INNvar","OERnaq"
"813",2067,0.146,0.959,0,0.863,"ASSss3","HCR9","REClow","INNvar","OERnaq"
"814",2068,0.152,0.96,0,0.891,"ASSss3","HCR9","REClow","INNvar","OERnaq"
"815",2069,0.152,0.953,0,0.895,"ASSss3","HCR9","REClow","INNvar","OERnaq"
"816",2070,0.136,0.947,0,0.892,"ASSss3","HCR9","REClow","INNvar","OERnaq"
"817",2020,0.589,1,0,0.003,"ASSss3","HCR9","REClowmed","INNvar","OERnaq"
"818",2021,0.823,0.998,0,0.404,"ASSss3","HCR9","REClowmed","INNvar","OERnaq"
"819",2022,0.878,0.999,0,0.424,"ASSss3","HCR9","REClowmed","INNvar","OERnaq"
"820",2023,0.916,0.999,0,0.415,"ASSss3","HCR9","REClowmed","INNvar","OERnaq"
"821",2024,0.939,1,0,0.429,"ASSss3","HCR9","REClowmed","INNvar","OERnaq"
"822",2025,0.955,0.999,0,0.391,"ASSss3","HCR9","REClowmed","INNvar","OERnaq"
"823",2026,0.951,1,0,0.359,"ASSss3","HCR9","REClowmed","INNvar","OERnaq"
"824",2027,0.961,0.999,0,0.349,"ASSss3","HCR9","REClowmed","INNvar","OERnaq"
"825",2028,0.96,1,0,0.319,"ASSss3","HCR9","REClowmed","INNvar","OERnaq"
"826",2029,0.966,0.999,0,0.316,"ASSss3","HCR9","REClowmed","INNvar","OERnaq"
"827",2030,0.957,1,0,0.316,"ASSss3","HCR9","REClowmed","INNvar","OERnaq"
"828",2031,0.972,1,0,0.305,"ASSss3","HCR9","REClowmed","INNvar","OERnaq"
"829",2032,0.968,1,0,0.289,"ASSss3","HCR9","REClowmed","INNvar","OERnaq"
"830",2033,0.972,1,0,0.286,"ASSss3","HCR9","REClowmed","INNvar","OERnaq"
"831",2034,0.985,1,0,0.291,"ASSss3","HCR9","REClowmed","INNvar","OERnaq"
"832",2035,0.983,1,0,0.304,"ASSss3","HCR9","REClowmed","INNvar","OERnaq"
"833",2036,0.981,1,0,0.304,"ASSss3","HCR9","REClowmed","INNvar","OERnaq"
"834",2037,0.978,1,0,0.283,"ASSss3","HCR9","REClowmed","INNvar","OERnaq"
"835",2038,0.977,1,0,0.311,"ASSss3","HCR9","REClowmed","INNvar","OERnaq"
"836",2039,0.979,1,0,0.301,"ASSss3","HCR9","REClowmed","INNvar","OERnaq"
"837",2040,0.978,1,0,0.301,"ASSss3","HCR9","REClowmed","INNvar","OERnaq"
"838",2041,0.973,1,0,0.301,"ASSss3","HCR9","REClowmed","INNvar","OERnaq"
"839",2042,0.973,1,0,0.306,"ASSss3","HCR9","REClowmed","INNvar","OERnaq"
"840",2043,0.976,1,0,0.319,"ASSss3","HCR9","REClowmed","INNvar","OERnaq"
"841",2044,0.976,1,0,0.303,"ASSss3","HCR9","REClowmed","INNvar","OERnaq"
"842",2045,0.973,1,0,0.324,"ASSss3","HCR9","REClowmed","INNvar","OERnaq"
"843",2046,0.982,1,0,0.308,"ASSss3","HCR9","REClowmed","INNvar","OERnaq"
"844",2047,0.983,1,0,0.311,"ASSss3","HCR9","REClowmed","INNvar","OERnaq"
"845",2048,0.974,1,0,0.302,"ASSss3","HCR9","REClowmed","INNvar","OERnaq"
"846",2049,0.98,0.999,0,0.297,"ASSss3","HCR9","REClowmed","INNvar","OERnaq"
"847",2050,0.978,0.999,0,0.293,"ASSss3","HCR9","REClowmed","INNvar","OERnaq"
"848",2051,0.973,1,0,0.288,"ASSss3","HCR9","REClowmed","INNvar","OERnaq"
"849",2052,0.983,1,0,0.281,"ASSss3","HCR9","REClowmed","INNvar","OERnaq"
"850",2053,0.977,1,0,0.277,"ASSss3","HCR9","REClowmed","INNvar","OERnaq"
"851",2054,0.978,1,0,0.311,"ASSss3","HCR9","REClowmed","INNvar","OERnaq"
"852",2055,0.981,1,0,0.314,"ASSss3","HCR9","REClowmed","INNvar","OERnaq"
"853",2056,0.979,1,0,0.292,"ASSss3","HCR9","REClowmed","INNvar","OERnaq"
"854",2057,0.975,1,0,0.281,"ASSss3","HCR9","REClowmed","INNvar","OERnaq"
"855",2058,0.979,1,0,0.283,"ASSss3","HCR9","REClowmed","INNvar","OERnaq"
"856",2059,0.98,1,0,0.295,"ASSss3","HCR9","REClowmed","INNvar","OERnaq"
"857",2060,0.976,1,0,0.302,"ASSss3","HCR9","REClowmed","INNvar","OERnaq"
"858",2061,0.973,1,0,0.322,"ASSss3","HCR9","REClowmed","INNvar","OERnaq"
"859",2062,0.972,1,0,0.305,"ASSss3","HCR9","REClowmed","INNvar","OERnaq"
"860",2063,0.975,1,0,0.301,"ASSss3","HCR9","REClowmed","INNvar","OERnaq"
"861",2064,0.978,1,0,0.3,"ASSss3","HCR9","REClowmed","INNvar","OERnaq"
"862",2065,0.98,1,0,0.305,"ASSss3","HCR9","REClowmed","INNvar","OERnaq"
"863",2066,0.985,1,0,0.301,"ASSss3","HCR9","REClowmed","INNvar","OERnaq"
"864",2067,0.985,1,0,0.287,"ASSss3","HCR9","REClowmed","INNvar","OERnaq"
"865",2068,0.981,1,0,0.289,"ASSss3","HCR9","REClowmed","INNvar","OERnaq"
"866",2069,0.987,1,0,0.302,"ASSss3","HCR9","REClowmed","INNvar","OERnaq"
"867",2070,0.979,1,0,0.295,"ASSss3","HCR9","REClowmed","INNvar","OERnaq"
"868",2020,0.594,0.999,0,0.004,"ASSss3","HCR9","RECmix","INNvar","OERnaq"
"869",2021,0.672,1,0,0.444,"ASSss3","HCR9","RECmix","INNvar","OERnaq"
"870",2022,0.707,1,0,0.469,"ASSss3","HCR9","RECmix","INNvar","OERnaq"
"871",2023,0.717,1,0,0.433,"ASSss3","HCR9","RECmix","INNvar","OERnaq"
"872",2024,0.721,0.998,0,0.443,"ASSss3","HCR9","RECmix","INNvar","OERnaq"
"873",2025,0.727,0.998,0,0.444,"ASSss3","HCR9","RECmix","INNvar","OERnaq"
"874",2026,0.741,0.994,0,0.417,"ASSss3","HCR9","RECmix","INNvar","OERnaq"
"875",2027,0.749,0.995,0,0.402,"ASSss3","HCR9","RECmix","INNvar","OERnaq"
"876",2028,0.746,0.998,0,0.386,"ASSss3","HCR9","RECmix","INNvar","OERnaq"
"877",2029,0.746,0.998,0,0.384,"ASSss3","HCR9","RECmix","INNvar","OERnaq"
"878",2030,0.752,0.992,0,0.378,"ASSss3","HCR9","RECmix","INNvar","OERnaq"
"879",2031,0.762,0.991,0,0.374,"ASSss3","HCR9","RECmix","INNvar","OERnaq"
"880",2032,0.77,0.995,0,0.369,"ASSss3","HCR9","RECmix","INNvar","OERnaq"
"881",2033,0.774,0.995,0,0.367,"ASSss3","HCR9","RECmix","INNvar","OERnaq"
"882",2034,0.777,0.991,0,0.352,"ASSss3","HCR9","RECmix","INNvar","OERnaq"
"883",2035,0.794,0.994,0,0.38,"ASSss3","HCR9","RECmix","INNvar","OERnaq"
"884",2036,0.791,0.993,0,0.387,"ASSss3","HCR9","RECmix","INNvar","OERnaq"
"885",2037,0.795,0.995,0,0.382,"ASSss3","HCR9","RECmix","INNvar","OERnaq"
"886",2038,0.793,0.995,0,0.389,"ASSss3","HCR9","RECmix","INNvar","OERnaq"
"887",2039,0.809,0.994,0,0.368,"ASSss3","HCR9","RECmix","INNvar","OERnaq"
"888",2040,0.814,0.995,0,0.378,"ASSss3","HCR9","RECmix","INNvar","OERnaq"
"889",2041,0.817,0.991,0,0.373,"ASSss3","HCR9","RECmix","INNvar","OERnaq"
"890",2042,0.821,0.99,0,0.368,"ASSss3","HCR9","RECmix","INNvar","OERnaq"
"891",2043,0.819,0.99,0,0.38,"ASSss3","HCR9","RECmix","INNvar","OERnaq"
"892",2044,0.823,0.993,0,0.393,"ASSss3","HCR9","RECmix","INNvar","OERnaq"
"893",2045,0.826,0.989,0,0.39,"ASSss3","HCR9","RECmix","INNvar","OERnaq"
"894",2046,0.838,0.987,0,0.387,"ASSss3","HCR9","RECmix","INNvar","OERnaq"
"895",2047,0.839,0.99,0,0.369,"ASSss3","HCR9","RECmix","INNvar","OERnaq"
"896",2048,0.839,0.988,0,0.363,"ASSss3","HCR9","RECmix","INNvar","OERnaq"
"897",2049,0.841,0.99,0,0.361,"ASSss3","HCR9","RECmix","INNvar","OERnaq"
"898",2050,0.843,0.99,0,0.366,"ASSss3","HCR9","RECmix","INNvar","OERnaq"
"899",2051,0.852,0.992,0,0.361,"ASSss3","HCR9","RECmix","INNvar","OERnaq"
"900",2052,0.861,0.996,0,0.358,"ASSss3","HCR9","RECmix","INNvar","OERnaq"
"901",2053,0.864,0.997,0,0.373,"ASSss3","HCR9","RECmix","INNvar","OERnaq"
"902",2054,0.864,0.993,0,0.378,"ASSss3","HCR9","RECmix","INNvar","OERnaq"
"903",2055,0.857,0.993,0,0.378,"ASSss3","HCR9","RECmix","INNvar","OERnaq"
"904",2056,0.859,0.99,0,0.355,"ASSss3","HCR9","RECmix","INNvar","OERnaq"
"905",2057,0.865,0.994,0,0.34,"ASSss3","HCR9","RECmix","INNvar","OERnaq"
"906",2058,0.864,0.993,0,0.342,"ASSss3","HCR9","RECmix","INNvar","OERnaq"
"907",2059,0.872,0.995,0,0.344,"ASSss3","HCR9","RECmix","INNvar","OERnaq"
"908",2060,0.864,0.991,0,0.358,"ASSss3","HCR9","RECmix","INNvar","OERnaq"
"909",2061,0.864,0.993,0,0.377,"ASSss3","HCR9","RECmix","INNvar","OERnaq"
"910",2062,0.869,0.992,0,0.365,"ASSss3","HCR9","RECmix","INNvar","OERnaq"
"911",2063,0.86,0.994,0,0.364,"ASSss3","HCR9","RECmix","INNvar","OERnaq"
"912",2064,0.871,0.998,0,0.347,"ASSss3","HCR9","RECmix","INNvar","OERnaq"
"913",2065,0.874,0.996,0,0.37,"ASSss3","HCR9","RECmix","INNvar","OERnaq"
"914",2066,0.871,0.998,0,0.353,"ASSss3","HCR9","RECmix","INNvar","OERnaq"
"915",2067,0.878,0.996,0,0.334,"ASSss3","HCR9","RECmix","INNvar","OERnaq"
"916",2068,0.878,0.998,0,0.358,"ASSss3","HCR9","RECmix","INNvar","OERnaq"
"917",2069,0.883,0.996,0,0.381,"ASSss3","HCR9","RECmix","INNvar","OERnaq"
"918",2070,0.873,0.995,0,0.377,"ASSss3","HCR9","RECmix","INNvar","OERnaq"
